	StreetAddress	ExtendedAddress	Locality	Latitude	Longitude
0	Chusyabahal, Jyatha Tol	Thamel	Kathmandu 44600, 	27.711352	85.313079
1	Battisputali Rd	 	Kathmandu 44600, 	27.7060988	85.3424749
2	Samakhusi Marg	Thamel, Galkopakha	Kathmandu 44600, 	27.7187797	85.3122899
3	Thamel	 	Kathmandu 44600, 	27.7153902	85.3123293
4	 	Taragaon, Boudha	Kathmandu 9609, 	27.721998	85.35722899999999
5	Bansbari Road	Near Narayan Gopal Chowk, Maharajgunj	Kathmandu 44606, 	27.7414136	85.3383773
6	no. 16 KGH Square, Ward	 	Kathmandu 44600, 	27.7151329	85.3100489
7	133 Thamel Bhagwati Marg	P.O.Box: 9299	Kathmandu 44600, 	27.6919405	85.29458819999999
8	Ashok Galli Jytha, Thamel	 	Kathmandu 977, 	27.7121268	85.3112171
9	Thamel, Chibahal	 	Kathmandu 00977, 		
10	 	Chhushya Galli, Jyatha Road, Kantipur temple house is next to us.	Kathmandu 4600, 	27.711352	85.313079
11	Chibihal Street, Thamel	Thamel	Kathmandu 44600, 	27.713192	85.311337
12	Chusyabahal, Jyatha Tol	Thamel	Kathmandu 44600, 	27.711352	85.313079
13	Rajnikunj Gokarna	 	Kathmandu 44600, 	27.7266369	85.3982869
14	Tridevi Marg	KMC- 29, Thamel	Kathmandu 44600, 	27.7139661	85.31385619999999
15	Chhetrapati	Chhetrapati	Kathmandu 44600, 	27.7112473	85.3087748
16	Chhusya Galli	Jyatha, Thamel	Kathmandu 44600, 	27.7115146	85.31312679999999
17	Jyatha, Thamel	 	Kathmandu 44600, 	27.7117549	85.3129755
18	15 Swoyambhu	Buddha Park	Kathmandu 44600, 	27.7147791	85.2903796
19	Keshar Mahal Marg	Thamel	Kathmandu 44600, 		
20	Thamel	 	Kathmandu 44600, 		
21	Paknajol, Thamel	 	Kathmandu 6667, 	27.716776	85.308618
22	Thamel, Lekhnath Marg	Kathmandu, Nepal	Kathmandu 19549, 	27.717805	85.31134399999999
23	JP Road, Thamel	Thamel	Kathmandu 44600, 	27.7119715	85.3097835
24	Chaksibari Marg	Thamel	Kathmandu 44600, 	27.7151898	85.31036809999999
25	16 J.P. Road Chaksibarimarga	Thamel	Kathmandu 44600, 	27.712696	85.3096318
26	Keshar Mahal Marg	Thamel	Kathmandu 44600, 	27.7149246	85.3140593
27	 	 	Kathmandu 00977, 	27.7172453	85.3239605
28	Chibahal, Thamel	 	Kathmandu 44600, 	27.7132956	85.3111405
29	Chaksibari Marg	Thamel	Kathmandu 10866, 	27.7151898	85.31036809999999
30	Chhusya Galli, Jyatha, Thamel	next to Kantipur Temple house	Kathmandu 44600, 	27.711352	85.313079
31	Chusyabahal, Jyatha Tol	Thamel	Kathmandu 44600, 	27.7118151	85.31314689999999
32	16 J.P. Road Chaksibarimarga	Thamel	Kathmandu 44600, 		
33	Thamel-29, Tridevi Marg	 	Kathmandu 44600, 	27.7139661	85.31385619999999
34	Thamel Marg	Next to Hotel Backyard	Kathmandu 977, 	27.7177006	85.3101486
35	Chhetrapati	Chhetrapati	Kathmandu 44600, 	27.7112473	85.3087748
36	Pakanajol Road	Thamel	Kathmandu 44600, 	27.712653	85.308762
37	 	Chhetrapati	Kathmandu 25451, 	27.7112473	85.3087748
38	Chaksibari Marg	Thamel	Kathmandu 44600, 	27.7151898	85.31036809999999
39	Samakhusi Marg	Thamel, Galkopakha	Kathmandu 44600, 	27.7187797	85.3122899
40	Thamel	 	Kathmandu 9681, 	27.7153902	85.3123293
41	133 Thamel Bhagwati Marg	P.O.Box: 9299	Kathmandu 44600, 	27.6919405	85.29458819999999
42	Thamel	 	Kathmandu 44600, 	27.7153902	85.3123293
43	Paknajol, Thamel	 	Kathmandu 6667, 	27.716776	85.308618
44	Z-Street, Thamel	 	Kathmandu 44600, 	27.7167975	85.3095476
45	Z Street	Thamel	Kathmandu 44600, 	27.7167975	85.3095476
46	Chaksibari Marg	Thamel	Kathmandu 10866, 	27.7151898	85.31036809999999
47	Thamel-12, Kawabahal	 	Kathmandu 44600, 		
48	15 Swoyambhu	Buddha Park	Kathmandu 44600, 	27.7147791	85.2903796
49	Ward No 29 Bhagwatimarga	Thamel	Kathmandu 44600, 	27.7184512	85.31508889999999
50	17, JP Road Thamel	 	Kathmandu 10356, 		
51	Golkopakha, Thamel	 	Kathmandu 44600, 		
52	 	Paknajol, Thamel	Kathmandu 44600, 	27.7180528	85.30836579999999
53	No. 179 Paknajol Marg, House	Ward No.16 next to Nilgiri Public School	Kathmandu 44600, 	27.7173073	85.30826929999999
54	Chhusya Galli	Jyatha, Thamel	Kathmandu 44600, 		
55	Thahity, Thamel	 	Kathmandu 19880, 	27.7107696	85.3108752
56	Ga-Hiti Marg, Thamel - 29, Kathmandu	 	Kathmandu 00977, 	27.7168695	85.3125943
57	16 Boudha	Boudha	Kathmandu 44600, 	27.7219003	85.3732524
58	 	 	Kathmandu 00977, 	27.7172453	85.3239605
59	Tredevi Marg	Thamel	Kathmandu 44600, 	27.7139661	85.31385619999999
60	29 Thamel	Narsingh Chowk	Kathmandu 44600, 	27.713535	85.3109209
61	Tridevi Marg, Thamel, Kathmandu, Nepal	 	Kathmandu 44600, 		
62	Kamalpokhari	 	Kathmandu 44600, 	27.7111714	85.3255595
63	Hiti Road, Nepal	Thamel	Kathmandu 44600, 	27.717333	85.312066
64	Z Street	Thamel	Kathmandu 44600, 	27.7167975	85.3095476
65	Chhusya Galli	Jyatha, Thamel -30	Kathmandu 12486, 	27.7115146	85.31312679999999
66	Z-Street, Thamel	 	Kathmandu 44600, 	27.7167975	85.3095476
67	 	 	Kathmandu, 	27.7172453	85.3239605
68	Lazimpat	 	Kathmandu GPO 11450, 	27.7215031	85.3200837
69	Narsingh Chowk Marg	Narsingh Camp	Kathmandu 44600, 	27.7137574	85.3111634
70	 	Budanil-Kantha	Kathmandu 44600, 	27.7654382	85.36529589999999
71	Boudha	 	Kathmandu 44600, 	27.7213539	85.3692628
72	310 Battisputali Road	Near Int Airport	Kathmandu 44600, 		
73	Keshar Mahal Marg	Thamel	Kathmandu 44600, 	27.7149246	85.3140593
74	Brahmakumari Marg, Jyatha, Thamel	 	Kathmandu 44600, 	27.7127279	85.3127273
75	Keshar Mahal Marg	Thamel	Kathmandu 44600, 	27.7149246	85.3140593
76	Kamalpokhari-1	 	Kathmandu 4529, 		
77	J.P Marg	Thamel	Kathmandu 44600, 		
78	Chhusya Galli, Jyatha, Thamel	 	Kathmandu 44600, 	27.7115146	85.31312679999999
79	Paknajol Marga	 	Kathmandu 44600, 	27.716686	85.30869299999999
80	Paknajol Marg	Thamel	Kathmandu 44600, 	27.7149996	85.3085206
81	Kamalpokhari	 	Kathmandu 44600, 		
82	27 Chhusya Galli Jayatha	Jyatha Thamel	Kathmandu 44600, 		
83	Ward No 29 Bhagwatimarga	Thamel	Kathmandu 44600, 	27.7184512	85.31508889999999
84	 	Boudha	Kathmandu 44600, 	27.7213539	85.3692628
85	Thamel	 	Kathmandu 44600, 	27.7153902	85.3123293
86	Jyatha, Thamel	 	Kathmandu 44600, 	27.7117549	85.3129755
87	Amrit Marg	Manang Plaza	Kathmandu 44600, 	27.7146919	85.3126322
88	Chhusya Galli, Jyatha, Thamel	 	Kathmandu 44600, 	27.7115146	85.31312679999999
89	Ashok Galli Jytha, Thamel	 	Kathmandu 977, 	27.7121268	85.3112171
90	Jyatha	Thamel	Kathmandu 6438, 	27.715331	85.30924
91	Jyatha, Thamel	Amrit Marg	Kathmandu 44600, 		
92	 	New Baneswor	Kathmandu 44600, 	27.6915196	85.3420486
93	Chusyabahal, Jyatha Tol	Thamel	Kathmandu 44600, 		
94	Sattghumti, Thamel	 	Kathmandu 9771, 	27.7153902	85.3123293
95	Bhagawati Sthan	29-Thamel	Kathmandu 21851, 	27.71696	85.3116989
96	Red Cross Marg	Tahachal, Kalimati	Kathmandu 44600, 	27.702476	85.3202699
97	Jyatha Street, Thamel	Amrit Marg 30, Jyatha	Kathmandu 44600, 	27.712425	85.31301599999999
98	J.P Road	Chetrapati, Thamel	Kathmandu 44600, 		
99	117/40 Lal Durbar Marg	 	Kathmandu 44600, 	27.7130863	85.3200592
100	Lazimpat	 	Kathmandu 2269, 	27.7202186	85.3209287
101	Chhetrapati, Thamel	 	Kathmandu 44600, 	27.7112473	85.3087748
102	 	 	Kathmandu, 	27.7172453	85.3239605
103	 	Budanil-Kantha	Kathmandu 44600, 	27.7654382	85.36529589999999
104	7 Corner, Thamel	 	Kathmandu 44600, 	27.7158968	85.3098306
105	Jyatha, Thamel	P.O. Box 6209	Kathmandu 44600, 	27.7124215	85.31277539999999
106	Thamel	Thamel	Kathmandu 44600, 	27.7153902	85.3123293
107	Gaushala	 	Kathmandu 44600, 	27.7084959	85.34656969999999
108	Bhagabati Marga	Thamel	Kathmandu 00977, 		
109	Dwarika Chhen, Kathmandu Durbar Square	Maru Pyaphal	Kathmandu 44600, 	27.7049349	85.3064809
110	29 Thamel	 	Kathmandu 44600, 		
111	Jyatha, Thamel	 	Kathmandu 44600, 	27.7117549	85.3129755
112	Tanka Prasad Ghumti Sadak	 	Kathmandu 44600, 	27.6966007	85.3281188
113	Bouddha	 	Kathmandu 44600, 	27.7119185	85.3128881
114	Boudha-6, Ramhiti Chowk	 	Kathmandu 44600, 		
115	Z-street, Thamel	 	Kathmandu 44600, 	27.7167975	85.3095476
116	Thahity	 	Kathmandu 44600, 	27.7107696	85.3108752
117	 	Chhusya Galli, Jyatha	Kathmandu 44600, 	27.711424	85.3131286
118	Durbar Marg	 	Kathmandu 44600, 	27.7064565	85.3164261
119	 	 	Kathmandu 14229, 	27.7172453	85.3239605
120	Thamel	PO Box 10506	Kathmandu 10506, 	27.7153902	85.3123293
121	Chhusya Galli	Jyatha	Kathmandu 00977, 	27.711424	85.3131286
122	Chaksibari Marg, Thamel	 	Kathmandu 44600, 	27.7151898	85.31036809999999
123	Raymajhi Marga	Nirmal Lama Magra	Kathmandu 44600, 		
124	Kamalpokhari	 	Kathmandu 44600, 	27.7111714	85.3255595
125	Lazimpat	Lazimpat, Road	Kathmandu 655, 	27.722715	85.3211019
126	Durbar Marg	 	Kathmandu 44600, 	27.7064565	85.3164261
127	 	Chaksibari Marg, Thamel	Kathmandu 13321, 	27.7151898	85.31036809999999
128	Lazimpat Rd	Surya Mukhi Marga	Kathmandu 44600, 	27.722621	85.32025999999999
129	Thamel Dhungedhara	behind Amrit Science Campus	Kathmandu 10969, 	27.717759	85.31280149999999
130	Paknajol marg	 	Kathmandu 44600, 	27.7149996	85.3085206
131	Chibaha Marga-2, House No:105, Thamel	 	Kathmandu 44600, 		
132	Jyatha, Thamel	 	Kathmandu 44600, 	27.7117549	85.3129755
133	Bhagawati Sthan	29-Thamel	Kathmandu 21851, 	27.71696	85.3116989
134	Kathmandu 44600, Nepal	Lal Durbar, Kamaladi	Kathmandu 44600, 	27.7125547	85.3200076
135	Babar Mahal Revisited	Nearby Annapurna Hospital	Kathmandu 44600, 	27.694248	85.32265199999999
136	Jyatha Street, Thamel	Amrit Marg 30, Jyatha	Kathmandu 44600, 	27.712425	85.31301599999999
137	Thamal	PO Box 26182	Kathmandu 00977, 	27.7153902	85.3123293
138	Chhetrapati, Thamel	 	Kathmandu 44600, 		
139	Thamel, Gahiti Rd, Near Amrit Marg	 	Kathmandu 20928, 	27.7142364	85.31241670000001
140	Behind Boudha stupa, Boudha lane	 	Kathmandu 44600, 		
141	Buddha Tole Marg	 	Kathmandu 44600, 		
142	Bijeswari, Swayambhu	 	Kathmandu, 	27.712556	85.3001939
143	Narsingh Chowk Marg	Narsingh Camp	Kathmandu 44600, 	27.7137574	85.3111634
144	Red Cross Marg	 	Kathmandu 44600, 	27.702476	85.3202699
145	Paknajol Marg	 	Kathmandu 44600, 	27.7149996	85.3085206
146	Thamel	 	Kathmandu 44600, 	27.7153902	85.3123293
147	Paknajol Marg	Kaldhara, Thamel	Kathmandu 44600, 	27.7149996	85.3085206
148	Dyabu Marg, Galkopakha, Thamel	 	Kathmandu 44600, 	27.720859	85.3121211
149	Thamel	PO Box 10506	Kathmandu 10506, 	27.7153902	85.3123293
150	117/40 Lal Durbar Marg	 	Kathmandu 44600, 	27.7130863	85.3200592
151	 	 	Kathmandu, 		
152	Chaksibari Marg, Thamel	 	Kathmandu 44600, 	27.7151898	85.31036809999999
153	Khokana	Sanokhokana	Kathmandu 44600, 	27.712425	85.31301599999999
154	Chhusya Galli	 	Kathmandu 44600, 	27.711424	85.3131286
155	Chusyabahal, Jyatha Tol	Thamel	Kathmandu 44600, 	27.7118151	85.31314689999999
156	Boudha	 	Kathmandu 44600, 		
157	 	Chaksibari Marg, Thamel	Kathmandu 13321, 	27.7151898	85.31036809999999
158	Chithu	 	Kathmandu 44600, 	27.6786419	85.277717
159	Boudha	 	Kathmandu 44600, 	27.7213539	85.3692628
160	202 Phurkesalla Marg	Bhijeshwori	Kathmandu 44600, 	27.7133332	85.2960528
161	 	 	Kathmandu, 	27.7172453	85.3239605
162	Chibaha Marga-2, House No:105, Thamel	 	Kathmandu 44600, 		
163	Bhagawan Bahal, Thamel	 	Kathmandu 44600, 	27.71664	85.312721
164	Paknajol	Thamel	Kathmandu 977, 	27.717257	85.31016799999999
165	Jyatha	Thamel	Kathmandu 977, 	27.717257	85.31016799999999
166	Boudha Pulbari	Near White Monastery	Kathmandu 09771, 	27.7237732	85.3696978
167	Banasthali, Balaju	 	Kathmandu 44600, 	27.7212949	85.2922919
168	Kamalpokhari-1	 	Kathmandu 4529, 	27.7111714	85.3255595
169	Lekhanath Marg	 	Kathmandu 44600, 	27.717085	85.3137833
170	230 Hotel Marg	Lazimpat	Kathmandu 44600, 		
171	Thamel, Kaldhara	Post Office Box 10338	Kathmandu 44600, 		
172	Boudha	Bagmati	Kathmandu 44600, 	27.7219003	85.3732524
173	619 Chaksibari Marg	Thamel, Pakanajole	Kathmandu 44600, 	27.7177006	85.3101486
174	Red Cross Marg	 	Kathmandu 44600, 	27.702476	85.3202699
175	7 Dakshinkali	Dollu, Pharping	Kathmandu 44600, 	27.605107	85.2634699
176	Lazimpat Rd	Surya Mukhi Marga	Kathmandu 44600, 	27.722621	85.32025999999999
177	Thamel	Chibhal , Kathmandu	Kathmandu 44600, 		
178	Paknajol Marg	 	Kathmandu 44600, 	27.7149996	85.3085206
179	16 Mehpi	 	Kathmandu 44600, 	27.7172453	85.3239605
180	Ring Road	Vanasthali, Kharibot, Nagar Vikas Raniban	Kathmandu 44600, 	27.7290351	85.2927795
181	Amrit Marg	Jyatha	Kathmandu 44600, 		
182	Chaksibari Marg	Thamel	Kathmandu 44600, 	27.7151898	85.31036809999999
183	Manjushree Bazar Marg	Swayambhu	Kathmandu 10263, 	27.7149298	85.2844626
184	Paknajol marg	 	Kathmandu 44600, 	27.7149996	85.3085206
185	6 Boudhanath	 	Kathmandu 44600, 	27.7247716	85.3640746
186	Chusyabahal, Jyatha Tol	Thamel	Kathmandu 44600, 		
187	108 Uddan Marg, Phulabari Chowk	Boudha	Kathmandu 00977, 	27.7218876	85.3641213
188	Paknajol Chowk	Thamel	Kathmandu 4246, 	27.7155525	85.308677
189	Panipokhari, Le Sherpa Farmers Market	 	Kathmandu 44600, 	27.7314743	85.327674
190	Sagarmatha Bazar	Mandala Street	Kathmandu 44600, 	27.7150664	85.3108985
191	Thamel marg - 29	 	Kathmandu 00977, 	27.7140056	85.3112733
192	Lazimpat	 	Kathmandu GPO 11450, 	27.7215031	85.3200837
193	JP Road, Thamel	 	Kathmandu 44600, 	27.7119715	85.3097835
194	22 Patan Dhoka, Ashok Hall. Nyadhal	 	Kathmandu 44600, 	27.6778476	85.32267879999999
195	29 Bhagawatisthan Thamel	 	Kathmandu 44600, 	27.7154706	85.3115053
196	Kalimati	 	Kathmandu 44600, 	27.6999738	85.2890594
197	Airport Sinamangal	 	Kathmandu 44600, 	27.6980899	85.3592231
198	Samjhana Street Thamel	 	Kathmandu 44600, 	27.7157357	85.3110032
199	Kantipath	 	Kathmandu 44600, 	27.7053962	85.31408239999999
200	Paknajol	 	Kathmandu 44600, 		
201	 	New Baneswor	Kathmandu 44600, 	27.6915196	85.3420486
202	Jyatha	Thamel	Kathmandu 6438, 	27.715331	85.30924
203	Ropeway Sadak	 	Kathmandu 44600, 	27.7197377	85.300116
204	Z Street, Thamel	 	Kathmandu 13570, 	27.7167975	85.3095476
205	Z Street	 	Kathmandu 44600, 	27.7167975	85.3095476
206	Lainchour Road	Thamel	Kathmandu 44600, 	27.7177979	85.31419690000001
207	Tilganga Road, Gaushala	Near Kathmandu Airport & Pasupatinath Temple	Kathmandu 10840, 	27.71062	85.3485809
208	Paknajol Chowk	 	Kathmandu 44600, 	27.7155026	85.3086747
209	29 Amrit Marg Thamel	 	Kathmandu 44600, 	27.7142364	85.31241670000001
210	Bhagawati Bahal, Thamel	 	Kathmandu 44600, 	27.7155261	85.3113159
211	Z Street, Thamel	 	Kathmandu 44600, 	27.7167975	85.3095476
212	Mhepi Marg Maipi Chowk	 	Kathmandu 44600, 	27.7172453	85.3239605
213	Rayamajhi Marga Nayabazar	 	Kathmandu 44600, 	27.7227767	85.31031329999999
214	Chandragiri	Chandragiri-01, Khahare, Dahachok	Kathmandu 11569, 	27.7110635	85.2282525
215	Pakanajol	Ktm-16, Ganeshraj Marg.	Kathmandu 5350, 		
216	 	Sorakhutte, Bahati Pokhari, Naya Bazaar	Kathmandu 44600, 	27.7189498	85.3094675
217	Chusyabahal, Jyatha Tol	Thamel	Kathmandu 44600, 	27.711352	85.313079
218	Near Airport Ring Road, Sinamangal	 	Kathmandu 44600, 	27.6980899	85.3592231
219	 	Near Tribhuvan International Airport	Kathmandu 44600, 	27.6980899	85.3592231
220	Saatghumti Marg, Thamel	P.O. Box: 6615	Kathmandu 44600, 		
221	Alley off of JP Marga	 	Kathmandu 44600, 	27.7119715	85.3097835
222	Ramkot	7km away from Thamel and 3km from the Monkey Temple	Kathmandu 44600, 	27.713795	85.30818699999999
223	Ratopul, Gaushala	 	Kathmandu, 	27.71062	85.3485809
224	 	Thamel	Kathmandu 44600, 	27.7153902	85.3123293
225	Bhagwati Marg	Thamel	Kathmandu 44600, 	27.6919405	85.29458819999999
226	Amrit Marg, Jyatha	Thamel	Kathmandu 44600, 	27.7125209	85.312175
227	Lazimpat	 	Kathmandu 44600, 	27.7215031	85.3200837
228	Narsingh Chowk Marg	Thamel	Kathmandu 44600, 	27.7146412	85.31060219999999
229	Raniban Balaju	 	Kathmandu 44600, 		
230	Near Panchakanya Police Station	Chundevi, Baluwatar	Kathmandu 44600, 	27.703359	85.332371
231	Paknajol Marg 43/33	Thamel	Kathmandu 44600, 	27.7117391	85.3083511
232	Saat Ghumti Marg	 	Kathmandu 44600, 	27.7156642	85.3092648
233	Gaushala Tilganga, Kathmandu	 	Kathmandu 44600, 	27.7077779	85.3434272
234	Kaldhara Marg	 	Kathmandu 44600, 	27.7163683	85.30685179999999
235	Thamel Bhagawati Marg	 	Kathmandu 97701, 	27.7163776	85.3108072
236	Paknajol Marg	 	Kathmandu 44600, 	27.7149996	85.3085206
237	Sinamangal	 	Kathmandu 44600, 	27.6991378	85.3510904
238	Eureka Road	Nepaltar, Manmaiju	Kathmandu 44600, 	27.744346	85.30338689999999
239	Chaksibari Marg Thamel	 	Kathmandu 44600, 	27.7151898	85.31036809999999
240	Narsingh Chowk	Thamel	Kathmandu 44600, 	27.7140019	85.311224
241	Chhetrapati Chowk, 151 Swachapu Marga	 	Kathmandu 44600, 	27.7108718	85.3090448
242	Amrit Marg Thamel	 	Kathmandu 44600, 	27.7142364	85.31241670000001
243	Paknajol Marg	Thamel	Kathmandu 44600, 	27.7149996	85.3085206
244	Swayambhu Marg	Thamel - Paknajol, Phulbari Galli 172	Kathmandu 44600, 	27.7121268	85.3112171
245	Arun Thapa Chowk	Jhamsikhel Sanepa	Kathmandu 44600, 	27.6808129	85.310304
246	5 Manamaiju	 	Kathmandu 44600, 	27.7489891	85.3110368
247	Thamel district	P.o. Box No: 4377	Kathmandu 44600, 		
248	Kamalpokhari	 	Kathmandu 44600, 	27.7111714	85.3255595
249	 	Naxal, Bhagwatibahal	Kathmandu, 		
250	Phulbari	Ramhiti, Boudha	Kathmandu 44600, 	27.7247716	85.3640746
251	Chisapani - 2, Baad Bhanjyang	Baad Bhanjyang	Kathmandu 44600, 	27.7126655	85.2057564
252	Kamal Pokhari	 	Kathmandu 44600, 	27.7110759	85.3243996
253	House No 65/15 Thamel Dabali Marg	Lumle	Kathmandu 44600, 	27.715002	85.311966
254	 	Thamel	Kathmandu 44600, 	27.7153902	85.3123293
255	Tushal-Mahankal Rd	 	Kathmandu 44600, 	27.7222019	85.35829439999999
256	Subarna Shamsher Marg	 	Kathmandu 44600, 	27.7198148	85.32834509999999
257	Siddhartha Marg	 	Kathmandu 44600, 	27.699826	85.3296688
258	Maharajgunj	Godavari Galli, Salla Ghari, Ward no. 3	Kathmandu 24900, 	27.7364789	85.33042119999999
259	Opposite Airport Golden Gate, Sinamangal	 	Kathmandu 44600, 	27.700311	85.353369
260	Boudha Circle	Boudha Stupa	Kathmandu 44600, 	27.722031	85.362325
261	Bypass, Goldhunga	 	Kathmandu 44600, 		
262	Gaurighat, Pashupati Chettra	opposite of Gunjeshwori Temple	Kathmandu 00977, 	27.7133478	85.3494759
263	29 Mitranagar	New Buspark	Kathmandu 44600, 	27.7330552	85.3098984
264	Thamel	 	Kathmandu 44600, 	27.7153902	85.3123293
265	Kapan-1	 	Kathmandu 00977, 	27.740884	85.3420775
266	Echangunarayan-9	Radha Krishna Temple, Manakamana Marg	Kathmandu 9572, 	27.7187536	85.31026779999999
267	Kalimatidol, Airport Gate	Kedarnath Bhawan,airport Gate	Kathmandu 44600, 	30.7346267	79.0668943
268	Sano Gaucharan	 	Kathmandu 465000, 	27.711209	85.3336819
269	Paknajol Marg, Thamel	Shree Ratna Marg	Kathmandu 44601, 	27.71735	85.3094639
270	No 210 Boudha Phoolbari Marg. House	 	Kathmandu 44600, 	27.7213539	85.3692628
271	Freak Street	Jhochhen	Kathmandu 44600, 	27.7035085	85.3067756
272	Thamel	 	Kathmandu 1764, 	27.7153902	85.3123293
273	 	6 Ramche Bhanjyang, Chhaimale, 4 KM from Dakshinkali Temple	Kathmandu 44600, 	27.586979	85.25511999999999
274	Naya Bazaar 640 Avenue Rue de Shahida Gangalal	Nirmal lama marg Mhepy	Kathmandu 44600, 	26.9422096	88.0363086
275	Paryotanmarga-29, Thamel	 	Kathmandu 44600, 	27.7153902	85.3123293
276	Chettrapati	Thamel	Kathmandu 44600, 	27.7112473	85.3087748
277	Thamel district	P.o. Box No: 4377	Kathmandu 44600, 	27.7153902	85.3123293
278	Chamati Bishnumati Kinar Left	 	Kathmandu 44600, 		
279	Kamalpokhari	 	Kathmandu 44600, 	27.7111714	85.3255595
280	 	Chhushya Galli, Jyatha Road, Kantipur temple house is next to us.	Kathmandu 4600, 	27.711352	85.313079
281	 	Lazimpat	Kathmandu 44600, 	27.7215031	85.3200837
282	Chusyabahal, Jyatha Tol	Thamel	Kathmandu 44600, 	27.7118151	85.31314689999999
283	JP Road, Thamel	Thamel	Kathmandu 44600, 	27.7119715	85.3097835
284	Sattghumti, Thamel	 	Kathmandu 9771, 	27.7153902	85.3123293
285	Thamel Marg 723/28	 	Kathmandu 44600, 	27.7143536	85.3113133
286	Chibahal, Thamel	 	Kathmandu 44600, 	27.7132956	85.3111405
287	Chhetrapati	Chhetrapati	Kathmandu 44600, 	27.7112473	85.3087748
288	Thamel, Chibahal	 	Kathmandu 00977, 	27.7153902	85.3123293
289	Chaksabari Marg-29	Thamel	Kathmandu 44600, 	27.713508	85.310339
290	 	 	Kathmandu 97, 	27.702874	85.30883329999999
291	Lazimpat	Lazimpat, Road	Kathmandu 655, 	27.722715	85.3211019
292	Battisputali Rd	 	Kathmandu 44600, 		
293	Chhusya Galli, Jyatha, Thamel	next to Kantipur Temple house	Kathmandu 44600, 	27.711352	85.313079
294	Near the great Boudha Stupa	Boudha	Kathmandu 1001, 	27.7172453	85.3239605
295	 	Taragaon, Boudha	Kathmandu 9609, 	27.721998	85.35722899999999
296	no. 16 KGH Square, Ward	 	Kathmandu 44600, 	27.7151329	85.3100489
297	133 Thamel Bhagwati Marg	P.O.Box: 9299	Kathmandu 44600, 	27.6919405	85.29458819999999
298	Thamel	 	Kathmandu 9681, 	27.7153902	85.3123293
299	Bansbari Road	Near Narayan Gopal Chowk, Maharajgunj	Kathmandu 44606, 	27.7414136	85.3383773
300	Chibihal Street, Thamel	Thamel	Kathmandu 44600, 	27.713192	85.311337
301	Thamel	 	Kathmandu 44600, 	27.7153902	85.3123293
302	Rajnikunj Gokarna	 	Kathmandu 44600, 	27.7266369	85.3982869
303	Lazimpat Rd	 	Kathmandu 44600, 	27.722715	85.3211019
304	Chaksibari Marg	Thamel	Kathmandu 10866, 		
305	Lazimpat	 	Kathmandu 2269, 	27.7202186	85.3209287
306	Chaksibari Marg	Thamel	Kathmandu 44600, 	27.7151898	85.31036809999999
307	Boudha	 	Kathmandu 44600, 	27.7213539	85.3692628
308	 	 	Kathmandu 14229, 	27.7172453	85.3239605
309	Durbar Marg	 	Kathmandu 44600, 		
310	Chusyabahal, Jyatha Tol	Thamel	Kathmandu 44600, 	27.7118151	85.31314689999999
311	 	Paknajol, Thamel	Kathmandu 44600, 	27.7180528	85.30836579999999
312	Hiti Road, Nepal	Thamel	Kathmandu 44600, 	27.717333	85.312066
313	Thamel Marg	Next to Hotel Backyard	Kathmandu 977, 	27.7177006	85.3101486
314	Thamel Marg 17	Kwabahal	Kathmandu 21292, 	27.710886	85.311391
315	Tredevi Marg	Thamel	Kathmandu 44600, 	27.7139661	85.31385619999999
316	 	Chhetrapati	Kathmandu 25451, 		
317	Thamel-29, Tridevi Marg	 	Kathmandu 44600, 	27.7139661	85.31385619999999
318	Chhusya Galli	Jyatha, Thamel	Kathmandu 44600, 	27.7115146	85.31312679999999
319	133 Thamel Bhagwati Marg	P.O.Box: 9299	Kathmandu 44600, 	27.6919405	85.29458819999999
320	29 Thamel	Narsingh Chowk	Kathmandu 44600, 	27.713535	85.3109209
321	Golkopakha, Thamel	 	Kathmandu 44600, 		
322	Thamel	Golkopacka	Kathmandu 44600, 	27.712425	85.31301599999999
323	Tridevi Marg, Thamel, Kathmandu, Nepal	 	Kathmandu 44600, 	27.7139661	85.31385619999999
324	Thamel-12, Kawabahal	 	Kathmandu 44600, 	27.7153902	85.3123293
325	Thamel	 	Kathmandu 44600, 	27.7153902	85.3123293
326	Z Street	Thamel	Kathmandu 44600, 	27.7167975	85.3095476
327	A One Complex, 3rd and 4th Floor, Thamel Marg	 	Kathmandu 44600, 	27.716441	85.31187700000001
328	17, JP Road Thamel	 	Kathmandu 10356, 	27.7119715	85.3097835
329	Ga-Hiti Marg, Thamel - 29, Kathmandu	 	Kathmandu 00977, 	27.7168695	85.3125943
330	Ward No 29 Bhagwatimarga	Thamel	Kathmandu 44600, 	27.7184512	85.31508889999999
331	Chaksibari Marg	Thamel	Kathmandu 44600, 	27.7151898	85.31036809999999
332	Z-Street, Kumari Marg, Thamel	 	Kathmandu 44600, 	27.7135295	85.31335340000001
333	15 Swoyambhu	Buddha Park	Kathmandu 44600, 	27.7147791	85.2903796
334	Pakanajol Road	Thamel	Kathmandu 44600, 	27.712653	85.308762
335	Devithan Galli st., 600/179	Swayambhu, Kimdol Road	Kathmandu 44600, 	27.711694	85.28790599999999
336	No. 179 Paknajol Marg, House	Ward No.16 next to Nilgiri Public School	Kathmandu 44600, 	27.7173073	85.30826929999999
337	Chaksibari Marga	Thamel	Kathmandu 44600, 		
338	Thahity, Thamel	 	Kathmandu 19880, 	27.7107696	85.3108752
339	Tridevi Marg, Thamel	 	Kathmandu 44600, 	27.7139661	85.31385619999999
340	 	Geetanjali Marg, Baluwatar	Kathmandu 44616, 	27.7254865	85.3297752
341	Chusyabahal, Jyatha Tol	Thamel	Kathmandu 44600, 	27.7118151	85.31314689999999
342	Keshar Mahal Marg	Thamel	Kathmandu 44600, 	27.7149246	85.3140593
343	Lazimpat Rd	 	Kathmandu 44600, 	27.722715	85.3211019
344	Keshar Mahal Marg	Thamel	Kathmandu 44600, 	27.7149246	85.3140593
345	94 Shree Ratna Marg	Paknajol, Thamel	Kathmandu 44600, 		
346	Chhusya Galli, Jyatha, Thamel	 	Kathmandu 44600, 	27.7115146	85.31312679999999
347	 	 	Kathmandu 00977, 	27.7172453	85.3239605
348	Chhusya Galli	Jyatha, Thamel	Kathmandu 44600, 	27.7115146	85.31312679999999
349	Galkopakah 29	Thamel Galkopaka	Kathmandu 0977, 	27.7153902	85.3123293
350	Paknajol, Thamel	 	Kathmandu 6667, 	27.716776	85.308618
351	Thamel	 	Kathmandu 44600, 		
352	Lekhnath Marg	Thamel	Kathmandu 44600, 	27.717805	85.31134399999999
353	Brahmakumari Marg	 	Kathmandu 97701, 	27.7127279	85.3127273
354	Kamalpokhari	 	Kathmandu 44600, 	27.7111714	85.3255595
355	Jyatha, Thamel	 	Kathmandu 44600, 	27.7117549	85.3129755
356	Jamsikhel	 	Kathmandu 44600, 	27.6828555	85.30198829999999
357	M Hotel Thamel-Kathamndu, 19/29 Kumari Marg, Jyatha	Thamel	Kathmandu 44600, 	27.7135295	85.31335340000001
358	27 Chhusya Galli Jayatha	Jyatha Thamel	Kathmandu 44600, 	27.710934	85.31304600000001
359	Paknajol Marg	Thamel	Kathmandu 44600, 	27.7149996	85.3085206
360	16 Boudha	Boudha	Kathmandu 44600, 	27.7219003	85.3732524
361	29 Galkopakha	 	Kathmandu 44600, 	27.7192952	85.3124768
362	Boudha	 	Kathmandu 44600, 	27.7213539	85.3692628
363	Amrit Marg	Manang Plaza	Kathmandu 44600, 	27.7146919	85.3126322
364	Thamel	 	Kathmandu 44600, 		
365	Paknajol	 	Kathmandu 44600, 	27.718015	85.30888800000001
366	J.P Marg	Thamel	Kathmandu 44600, 	27.7119715	85.3097835
367	Thamel	 	Kathmandu 44600, 	27.7153902	85.3123293
368	JP Marg, JP Road	 	Kathmandu 00977, 	27.7119715	85.3097835
369	Boudha	 	Kathmandu 44600, 	27.7213539	85.3692628
370	Ashok Galli Jytha, Thamel	 	Kathmandu 977, 		
371	Lekhnath Marg, Lainchour, Thamel	Thamel,	Kathmandu 44600, 	27.717805	85.31134399999999
372	Kamalpokhari	 	Kathmandu 44600, 	27.7111714	85.3255595
373	Paknajol Marg-16, Thamel	Near to The Chhetrapati Roundabout	Kathmandu 44600, 	27.7123719	85.30877389999999
374	Tridevi Marg	KMC- 29, Thamel	Kathmandu 44600, 	27.7139661	85.31385619999999
375	Thamel	 	Kathmandu 0977, 	27.7153902	85.3123293
376	29 Chaksibari Marg	Center Thamel	Kathmandu 44600, 	27.7161714	85.3101746
377	Dhobi Chaur, Chetrapati	Thamel	Kathmandu 00977, 		
378	16 Paknajol Marg	 	Kathmandu 44600, 	27.7117299	85.30865089999999
379	Lazimpat	 	Kathmandu 44600, 	27.7215031	85.3200837
380	Chaksibari Marg	Thamel	Kathmandu 44600, 	27.7151898	85.31036809999999
381	Paknajol, Thamel	 	Kathmandu 44600, 	27.7180528	85.30836579999999
382	Ga Hiti Marg, Thamel	 	Kathmandu 44600, 	27.7168695	85.3125943
383	29 Thamel	 	Kathmandu 44600, 	27.713535	85.3109209
384	Chhusya Galli	Jyatha, Thamel -30	Kathmandu 12486, 	27.7115146	85.31312679999999
385	Jyatha, Thamel	 	Kathmandu 44600, 	27.7117549	85.3129755
386	Chaksibari, Thamel	Thamel	Kathmandu 44600, 	27.7138031	85.3101121
387	Tej Bhawan, 440 Uttar Dhoka	Lazimpat	Kathmandu 44600, 	27.718885	85.320364
388	Amrit Marg	Thamel	Kathmandu 44600, 	27.7142364	85.31241670000001
389	Thamel	 	Kathmandu 44600, 	27.7153902	85.3123293
390	Palace Museum Road	 	Kathmandu 44600, 	27.7138699	85.317939
391	Chhusya Galli, Jyatha, Thamel	 	Kathmandu 44600, 	27.7115146	85.31312679999999
392	17 Saat Chowk, Dhobi Chaur	 	Kathmandu 44600, 	27.7172633	85.346594
393	Basundhara, Dhapasi	 	Kathmandu 44600, 	27.7458963	85.3293958
394	Thamel	 	Kathmandu 44600, 	27.7153902	85.3123293
395	Jyatha Thamel	Thamel	Kathmandu 44600, 	27.7117549	85.3129755
396	Jyatha, Thamel	 	Kathmandu 44600, 	27.7117549	85.3129755
397	 	 	Kathmandu 44601, 	27.7172453	85.3239605
398	Next to Tom & Jerry's Pub, Central Thamel	near Kathmandu Guest House	Kathmandu 6611, 	27.715514	85.310423
399	 	Budanil-Kantha	Kathmandu 44600, 	27.7654382	85.36529589999999
400	Jyatha, Thamel	P.O. Box 6209	Kathmandu 44600, 	27.7124215	85.31277539999999
401	310 Battisputali Road	Near Int Airport	Kathmandu 44600, 	27.6980899	85.3592231
402	 	 	Kathmandu 14229, 	27.7172453	85.3239605
403	Chusyabahal, Jyatha Tol	Thamel	Kathmandu 44600, 	27.7118151	85.31314689999999
404	16 Thamel Z Street	 	Kathmandu 44600, 	27.7167975	85.3095476
405	Thamel	 	Kathmandu 44600, 	27.7153902	85.3123293
406	Near JP Road	 	Kathmandu 5034, 	27.7119715	85.3097835
407	Lazimpat	Lazimpat, Road	Kathmandu 655, 	27.722715	85.3211019
408	Lekhnath Marg	Thamel	Kathmandu 44600, 	27.717805	85.31134399999999
409	Nagarjun-2, Halchowk-Gairigaun Chautara	 	Kathmandu 20919, 	27.7174058	85.28354399999999
410	Jyatha Street, Thamel	Amrit Marg 30, Jyatha	Kathmandu 44600, 	27.712425	85.31301599999999
411	Sorhakhutte, Thamel	Siddhi Ganesh Temple	Kathmandu 44600, 	27.7188696	85.3104511
412	Bhagwan Bahal Thamel	 	Kathmandu 44600, 	27.71664	85.312721
413	Khokana	Sanokhokana	Kathmandu 44600, 	27.712425	85.31301599999999
414	Chhetrapati, Thamel	 	Kathmandu 44600, 		
415	117/40 Lal Durbar Marg	 	Kathmandu 44600, 		
416	Lazimpat	 	Kathmandu 2269, 	27.7202186	85.3209287
417	Narsingh Chowk Marg	Narsingh Camp	Kathmandu 44600, 	27.7137574	85.3111634
418	Thamal	PO Box 26182	Kathmandu 00977, 		
419	Northern Thamel	 	Kathmandu 44600, 	27.714139	85.313339
420	Thamel Dhungedhara	behind Amrit Science Campus	Kathmandu 10969, 	27.717759	85.31280149999999
421	Behind Boudha stupa, Boudha lane	 	Kathmandu 44600, 	27.722031	85.362325
422	Chhusya Galli	 	Kathmandu 44600, 	27.711424	85.3131286
423	Jyatha, Thamel	 	Kathmandu 44600, 	27.7117549	85.3129755
424	Paknajol Marg	Kaldhara, Thamel	Kathmandu 44600, 	27.7149996	85.3085206
425	Dyabu Marg, Galkopakha, Thamel	 	Kathmandu 44600, 	27.720859	85.3121211
426	Ward No. 29, Thamel Marg	near Bhagwati Temple	Kathmandu 44600, 	27.7161729	85.3114708
427	Bijeswari, Swayambhu	 	Kathmandu, 	27.712556	85.3001939
428	Thahity	 	Kathmandu 44600, 		
429	Kathmandu 44600, Nepal	Lal Durbar, Kamaladi	Kathmandu 44600, 	27.7125547	85.3200076
430	Buddha Tole Marg	 	Kathmandu 44600, 	27.7199558	85.3118808
431	Babar Mahal Revisited	Nearby Annapurna Hospital	Kathmandu 44600, 	27.694248	85.32265199999999
432	Durbar Marg	 	Kathmandu 44600, 	27.7064565	85.3164261
433	Thamel, Gahiti Rd, Near Amrit Marg	 	Kathmandu 20928, 	27.7142364	85.31241670000001
434	Chusyabahal, Jyatha Tol	Thamel	Kathmandu 44600, 	27.7118151	85.31314689999999
435	 	Chaksibari Marg, Thamel	Kathmandu 13321, 	27.7151898	85.31036809999999
436	Chithu	 	Kathmandu 44600, 	27.6786419	85.277717
437	Boudha	 	Kathmandu 44600, 	27.7213539	85.3692628
438	202 Phurkesalla Marg	Bhijeshwori	Kathmandu 44600, 	27.7133332	85.2960528
439	Boudha	 	Kathmandu 44600, 	27.7213539	85.3692628
440	Chibaha Marga-2, House No:105, Thamel	 	Kathmandu 44600, 		
441	Bhagawan Bahal, Thamel	 	Kathmandu 44600, 		
442	Paknajol	Thamel	Kathmandu 977, 	27.717257	85.31016799999999
443	Jyatha	Thamel	Kathmandu 977, 	27.717257	85.31016799999999
444	Boudha Pulbari	Near White Monastery	Kathmandu 09771, 	27.7237732	85.3696978
445	Banasthali, Balaju	 	Kathmandu 44600, 		
446	Lekhanath Marg	 	Kathmandu 44600, 	27.717085	85.3137833
447	230 Hotel Marg	Lazimpat	Kathmandu 44600, 	27.720005	85.32088399999999
448	Boudha	Bagmati	Kathmandu 44600, 	27.7213539	85.3692628
449	619 Chaksibari Marg	Thamel, Pakanajole	Kathmandu 44600, 	27.7177006	85.3101486
450	Thamel, Kaldhara	Post Office Box 10338	Kathmandu 44600, 	27.7159251	85.3065127
451	Thamel	Chibhal , Kathmandu	Kathmandu 44600, 	27.712425	85.31301599999999
452	Red Cross Marg	 	Kathmandu 44600, 	27.702476	85.3202699
453	Tilganga Road, Gaushala	Near Kathmandu Airport & Pasupatinath Temple	Kathmandu 10840, 		
454	Lainchour Road	Thamel	Kathmandu 44600, 		
455	7 Dakshinkali	Dollu, Pharping	Kathmandu 44600, 		
456	Lazimpat Rd	Surya Mukhi Marga	Kathmandu 44600, 		
457	Paknajol Marg	 	Kathmandu 44600, 		
458	16 Mehpi	 	Kathmandu 44600, 	27.7172453	85.3239605
459	Ring Road	Vanasthali, Kharibot, Nagar Vikas Raniban	Kathmandu 44600, 	27.7290351	85.2927795
460	Amrit Marg	Jyatha	Kathmandu 44600, 	27.7125209	85.312175
461	Chaksibari Marg	Thamel	Kathmandu 44600, 	27.7151898	85.31036809999999
462	Manjushree Bazar Marg	Swayambhu	Kathmandu 10263, 	27.7149298	85.2844626
463	Paknajol marg	 	Kathmandu 44600, 	27.7149996	85.3085206
464	6 Boudhanath	 	Kathmandu 44600, 	27.7264112	85.3637169
465	108 Uddan Marg, Phulabari Chowk	Boudha	Kathmandu 00977, 		
466	Paknajol Chowk	Thamel	Kathmandu 4246, 	27.7155525	85.308677
467	Panipokhari, Le Sherpa Farmers Market	 	Kathmandu 44600, 	27.7314743	85.327674
468	Sagarmatha Bazar	Mandala Street	Kathmandu 44600, 		
469	Thamel marg - 29	 	Kathmandu 00977, 		
470	Lazimpat	 	Kathmandu GPO 11450, 	27.7215031	85.3200837
471	JP Road, Thamel	 	Kathmandu 44600, 	27.7119715	85.3097835
472	22 Patan Dhoka, Ashok Hall. Nyadhal	 	Kathmandu 44600, 		
473	29 Bhagawatisthan Thamel	 	Kathmandu 44600, 	27.7154706	85.3115053
474	Kalimati	 	Kathmandu 44600, 	27.6999738	85.2890594
475	Airport Sinamangal	 	Kathmandu 44600, 	27.6980899	85.3592231
476	Samjhana Street Thamel	 	Kathmandu 44600, 	27.7157357	85.3110032
477	Paknajol	 	Kathmandu 44600, 		
478	 	New Baneswor	Kathmandu 44600, 	27.6915196	85.3420486
479	Kantipath	 	Kathmandu 44600, 	27.7053962	85.31408239999999
480	Jyatha	Thamel	Kathmandu 6438, 	27.715331	85.30924
481	Ropeway Sadak	 	Kathmandu 44600, 	27.7197377	85.300116
482	Z Street, Thamel	 	Kathmandu 13570, 	27.7167975	85.3095476
483	Z Street	 	Kathmandu 44600, 	27.7167975	85.3095476
484	Lainchour Road	Thamel	Kathmandu 44600, 		
485	Tilganga Road, Gaushala	Near Kathmandu Airport & Pasupatinath Temple	Kathmandu 10840, 		
486	Paknajol Chowk	 	Kathmandu 44600, 	27.7155026	85.3086747
487	29 Amrit Marg Thamel	 	Kathmandu 44600, 		
488	Bhagawati Bahal, Thamel	 	Kathmandu 44600, 	27.7155261	85.3113159
489	Z Street, Thamel	 	Kathmandu 44600, 	27.7167975	85.3095476
490	Mhepi Marg Maipi Chowk	 	Kathmandu 44600, 	27.7172453	85.3239605
491	Rayamajhi Marga Nayabazar	 	Kathmandu 44600, 	27.7227767	85.31031329999999
492	Chandragiri	Chandragiri-01, Khahare, Dahachok	Kathmandu 11569, 	27.7110635	85.2282525
493	Pakanajol	Ktm-16, Ganeshraj Marg.	Kathmandu 5350, 	27.6980899	85.3592231
494	 	Sorakhutte, Bahati Pokhari, Naya Bazaar	Kathmandu 44600, 	27.7189498	85.3094675
495	Kamalpokhari	 	Kathmandu 44600, 	27.7111714	85.3255595
496	Swayambhu Marg	Thamel - Paknajol, Phulbari Galli 172	Kathmandu 44600, 	27.7121268	85.3112171
497	Jyatha	Thamel	Kathmandu 6438, 		
498	Narsingh Chowk Marg	Thamel	Kathmandu 44600, 		
499	5 Manamaiju	 	Kathmandu 44600, 		
500	Chhetrapati Chowk, 151 Swachapu Marga	 	Kathmandu 44600, 		
501	Ramkot	7km away from Thamel and 3km from the Monkey Temple	Kathmandu 44600, 		
502	Eureka Road	Nepaltar, Manmaiju	Kathmandu 44600, 		
503	Near Panchakanya Police Station	Chundevi, Baluwatar	Kathmandu 44600, 	27.703359	85.332371
504	Narsingh Chowk	Thamel	Kathmandu 44600, 	27.7140019	85.311224
505	Ratopul, Gaushala	 	Kathmandu, 	27.71062	85.3485809
506	Paknajol Chowk	Thamel	Kathmandu 4246, 	27.7155525	85.308677
507	Sagarmatha Bazar	Mandala Street	Kathmandu 44600, 	27.7150664	85.3108985
508	Thamel marg - 29	 	Kathmandu 00977, 	27.7140056	85.3112733
509	Amrit Marg Thamel	 	Kathmandu 44600, 	27.7142364	85.31241670000001
510	Saat Ghumti Marg	 	Kathmandu 44600, 	27.7156642	85.3092648
511	Gaushala Tilganga, Kathmandu	 	Kathmandu 44600, 	27.7077779	85.3434272
512	Raniban Balaju	 	Kathmandu 44600, 	27.7363498	85.2901469
513	Ranibari Marg	Lazimpat	Kathmandu 44600, 	27.7285599	85.3154797
514	Ropeway Sadak	 	Kathmandu 44600, 	27.7197377	85.300116
515	Arun Thapa Chowk	Jhamsikhel Sanepa	Kathmandu 44600, 	27.6808129	85.310304
516	Kalimati	 	Kathmandu 44600, 	27.6999738	85.2890594
517	Kaldhara Marg	 	Kathmandu 44600, 	27.7163683	85.30685179999999
518	Paknajol Marg 43/33	Thamel	Kathmandu 44600, 		
519	Paknajol Marg	 	Kathmandu 44600, 	27.7149996	85.3085206
520	Amrit Marg, Jyatha	Thamel	Kathmandu 44600, 	27.7125209	85.312175
521	Near Airport Ring Road, Sinamangal	 	Kathmandu 44600, 	27.6980899	85.3592231
522	Thamel Bhagawati Marg	 	Kathmandu 97701, 	27.7163776	85.3108072
523	 	Thamel	Kathmandu 44600, 	27.7153902	85.3123293
524	Saatghumti Marg, Thamel	P.O. Box: 6615	Kathmandu 44600, 	27.7142364	85.31241670000001
525	Z Street, Thamel	 	Kathmandu 13570, 	27.7167975	85.3095476
526	Chusyabahal, Jyatha Tol	Thamel	Kathmandu 44600, 	27.7118151	85.31314689999999
527	Chisapani - 2, Baad Bhanjyang	Baad Bhanjyang	Kathmandu 44600, 	27.7126655	85.2057564
528	Thamel	 	Kathmandu 1764, 	27.7153902	85.3123293
529	Naya Bazaar 640 Avenue Rue de Shahida Gangalal	Nirmal lama marg Mhepy	Kathmandu 44600, 	26.9422096	88.0363086
530	Boudha Circle	Boudha Stupa	Kathmandu 44600, 	27.722031	85.362325
531	29 Mitranagar	New Buspark	Kathmandu 44600, 	27.7330552	85.3098984
532	Opposite Airport Golden Gate, Sinamangal	 	Kathmandu 44600, 	27.700311	85.353369
533	Nursing Chowk, Thamel	 	Kathmandu 44600, 	27.7002982	85.333356
534	West Circle of Stupa	Boudha-6	Kathmandu 44600, 	27.722031	85.362325
535	Jyatha, Thamel	Amrit Marg	Kathmandu 44600, 	27.7125209	85.312175
536	House No 65/15 Thamel Dabali Marg	Lumle	Kathmandu 44600, 		
537	Gaurighat, Pashupati Chettra	opposite of Gunjeshwori Temple	Kathmandu 00977, 	27.7133478	85.3494759
538	Tushal-Mahankal Rd	 	Kathmandu 44600, 	27.7222019	85.35829439999999
539	Kapan-1	 	Kathmandu 00977, 	27.740884	85.3420775
540	 	Naxal, Bhagwatibahal	Kathmandu, 	27.7161723	85.3337663
541	Amrit Marg, Bhagwan Bahal, Thamel	 	Kathmandu 44600, 		
542	 	Jyatha	Kathmandu 44600, 	27.7117549	85.3129755
543	Amrit Marg, Jyatha	 	Kathmandu 44600, 	27.7125209	85.312175
544	Freak Street	Jhochhen	Kathmandu 44600, 	27.7035085	85.3067756
545	Jhamshikhel Road, Pulchowk	Near St .Marys School	Kathmandu 44600, 	27.6757012	85.31139139999999
546	 	6 Ramche Bhanjyang, Chhaimale, 4 KM from Dakshinkali Temple	Kathmandu 44600, 	27.586979	85.25511999999999
547	 	Boudha	Kathmandu 44600, 	27.7213539	85.3692628
548	Sano Gaucharan	 	Kathmandu 465000, 	27.711209	85.3336819
549	Siddhartha Marg	 	Kathmandu 44600, 	27.699826	85.3296688
550	Subarna Shamsher Marg	 	Kathmandu 44600, 	27.7198148	85.32834509999999
551	No 210 Boudha Phoolbari Marg. House	 	Kathmandu 44600, 	27.7213539	85.3692628
552	Ranibari Marg	Lazimpat	Kathmandu 44600, 	27.7285599	85.3154797
553	129 Paknajol Marg	 	Kathmandu 44600, 	27.7117299	85.30865089999999
554	6 Phulbari Bouddha	 	Kathmandu 44600, 		
555	 	Thamel	Kathmandu 44600, 	27.7153902	85.3123293
556	Chamati Bishnumati Kinar Left	 	Kathmandu 44600, 	27.7205376	85.2995311
557	108 Uddan Marg, Phulabari Chowk	Boudha	Kathmandu 00977, 		
558	Bansbari, Hattigaunda	Opposite of CG HIlls Housing, Near Hattigaunda Commercial Complex	Kathmandu 981, 	27.7559271	85.3497982
559	Kamal Pokhari	 	Kathmandu 44600, 	27.7110759	85.3243996
560	Paknajol Marg, Thamel	Shree Ratna Marg	Kathmandu 44601, 	27.71735	85.3094639
561	Echangunarayan-9	Radha Krishna Temple, Manakamana Marg	Kathmandu 9572, 	27.7187536	85.31026779999999
562	 	Thamel, Kesharmahal	Kathmandu 44600, 	27.715769	85.314042
563	Thamel	 	Kathmandu 44600, 	27.7153902	85.3123293
564	Maharajgunj	Godavari Galli, Salla Ghari, Ward no. 3	Kathmandu 24900, 	27.7364789	85.33042119999999
565	Gaushala, Kathmandu, Nepal	 	Kathmandu 44600, 	27.7084959	85.34656969999999
566	Amrit Marg, Thamel	 	Kathmandu 44600, 	27.7142364	85.31241670000001
567	Saat Ghumti Marg	 	Kathmandu 44600, 	27.7156642	85.3092648
568	Boudha	 	Kathmandu 44600, 	27.7213539	85.3692628
569	Phulbari	Ramhiti, Boudha	Kathmandu 44600, 	27.7247716	85.3640746
570	Bypass, Goldhunga	 	Kathmandu 44600, 		
571	Jatha Marg	 	Kathmandu 16448, 	27.7105018	85.31205849999999
572	Budhanilkantha	Bandeli, Chapali Bhadrakali-6	Kathmandu 44600, 		
573	Ananda Nagar Tole, Thado Bharang,West Ring Road, Swoyambhu	 	Kathmandu 44600, 	27.7118575	85.2827095
574	Shankhamul Road, New Baneshwor	 	Kathmandu 44600, 	27.6881061	85.33615139999999
575	Ichangunarayan	VDC-9, Manakamana Marg, Raniban	Kathmandu 44600, 	27.7363498	85.2901469
576	Amrit Marg, Thamel	 	Kathmandu 44600, 	27.7142364	85.31241670000001
577	Thamel	 	Kathmandu 44600, 	27.7153902	85.3123293
578	Kalimatidol, Airport Gate	Kedarnath Bhawan,airport Gate	Kathmandu 44600, 	30.7346267	79.0668943
579	Paryotanmarga-29, Thamel	 	Kathmandu 44600, 		
580	Dathu Sadak	Nayabazaar	Kathmandu 44600, 	27.7188673	85.3052089
581	Samjhana Street	Thamel	Kathmandu 44600, 	27.7157357	85.3110032
582	Narayanchaur-Naxal	 	Kathmandu 44600, 	27.715419	85.325278
583	Chettrapati	Thamel	Kathmandu 44600, 	27.7112473	85.3087748
584	Gahana Pokhari Marg	Tangal, Naxal	Kathmandu 44600, 		
585	Galkopakha Marg	Thamel	Kathmandu 44600, 		
586	Thamel Marg, 29, Ga-giti Marg	 	Kathmandu 00977, 	27.7140056	85.3112733
587	Kathmandu	Ranibari Marg, Lazimpat	Kathmandu 44600, 	27.7285599	85.3154797
588	11 Lekhnath	Pachabhayia	Pokhara 33411, 	28.2074479	83.9650673
589	6 Pokhara	Lakeside	Pokhara 33411, 	28.2043154	83.9661385
590	Lakeside	Pahari Path	Pokhara 00977, 	28.2067354	83.9640065
591	Lakeside, Baidam-6	 	Pokhara Baidam - 6, 	28.2043154	83.9661385
592	Lakeside Area	 	Pokhara 33411, 	28.2043154	83.9661385
593	Gaurighat Marga-06, Lake Side, Baidam	Opposite Hotel View Point	Pokhara 33700, 	28.2064259	83.9610453
594	Lakeside da Yatra Street	Pahari Marg House No 43/45 Lakeside	Pokhara 33411, 	28.2105621	83.95857989999999
595	Lakeside-6 Lalupate marga	 	Pokhara 33411, 	28.2272466	83.9827634
596	 	Birauta Chowk, Pardi	Pokhara, 	28.1921159	83.9711076
597	Baidam-6	Lakeside	Pokhara 33700, 	28.2043154	83.9661385
598	6 Gaurighat, Lakeside	 	Pokhara 33411, 	28.2043154	83.9661385
599	Lake Side, Baidam	 	Pokhara 33700, 	28.2028162	83.9666951
600	35, Pargati Marg	Lake Side - 6	Pokhara 33700, 	28.2085821	83.96447309999999
601	Durbar Marg	Lakeside	Pokhara 33411, 	28.2059552	83.9604136
602	Lakeside - 6, Lalupatemarga	Pokhara, Nepal	Pokhara 00977, 	28.214311	83.960191
603	Nr. Peace Pagoda	South Side of Fewa Lake	Pokhara 33411, 	28.2153837	83.9453168
604	Sedi Height, Lakeside Road	 	Pokhara 33411, 	28.2053021	83.9616364
605	South Lakeside	 	Pokhara 33411, 	28.2053021	83.9616364
606	Middle Path Street	Center Point, Lakeside	Pokhara 977061, 	28.2110076	83.9594965
607	Peaceful Street, Lakeside	 	Pokhara 33902, 	28.2053021	83.9616364
608	Sedi Bagar, Lakeside	 	Pokhara 196, 	28.227282	83.94802179999999
609	Shivamandir Marga	Lakeside	Pokhara 977, 	27.6780905	84.1382368
610	Shanti Patan, Lakeside	 	Pokhara 33411, 	28.206207	83.9657232
611	6 Phewa Lakeside	In Front of Fishtail Lodge Gate	Pokhara 33411, 	28.2153837	83.9453168
612	 	Lakeside-6	Pokhara 00977, 		
613	Lake Side, Barahi Path, Pokhara-6	 	Pokhara 00977, 	28.2084506	83.95855920000001
614	Lakeside	 	Pokhara 33700, 	28.2087433	83.95987319999999
615	Lakeside	Gaurighat	Pokhara 171, 	28.2053021	83.9616364
616	Lakeside	 	Pokhara 33411, 	28.2103354	83.9591818
617	Gaurighat - in Lakeside near Royal Palace	 	Pokhara 163, 	28.2053021	83.9616364
618	Lakeside	400 Meters from Fewa Lake	Pokhara 249, 	28.2113136	83.9571393
619	Pahari Marga	Lakeside	Pokhara 33411, 	28.2103354	83.9591818
620	6 Lakeside	 	Pokhara 33411, 	28.2073616	83.95921969999999
621	Baidam-6	Lakeside	Pokhara 33700, 	28.2043154	83.9661385
622	Lakeside	Barahi Chowk	Pokhara 33700, 	28.208516	83.957833
623	No 25 Ward	Chisapani, Pumdi Bhumdi	Pokhara 33411, 	28.1807917	83.9317811
624	Lake Side, Barahi Path, Pokhara-6	 	Pokhara 00977, 	28.2084506	83.95855920000001
625	Gaurighat, Lake Side	 	Pokhara 37700, 		
626	Lakeside	 	Pokhara 44600, 	28.2053021	83.9616364
627	Center Point, Lakeside-6	Pokhara	Pokhara 00977, 	28.207876	83.9593129
628	South Lakeside	 	Pokhara 33411, 	28.2053021	83.9616364
629	Ammat, Lakeside	 	Pokhara 33700, 	28.2056215	83.9642509
630	World Peace Pagoda	Dungepani	Pokhara 33411, 	28.233599	83.987389
631	Lalupate marg, Lakeside 6	 	Pokhara 00977, 	28.2125993	83.959177
632	Barahi Path	Lakeside	Pokhara 33411, 	28.2082563	83.9574207
633	Durbar Marga, Lakeside-6	 	Pokhara 33700, 	28.2077245	83.9594266
634	Pahari Marg	Lakeside, Baidam 6	Pokhara 33411, 	28.2103354	83.9591818
635	6 Baidam Road	Lakeside	Pokhara 33411, 	28.2168727	83.9587303
636	Middle Path St	Lakeside - 6	Pokhara 33700, 	28.211048	83.95983009999999
637	Lakeside, Gaurighat-6 shiva Marga	opposite Hotel Trekkers Inn	Pokhara 33700, 	28.2060521	83.961744
638	Nareshwor, Lakeside, Baidam-6	Gandaki	Pokhara 00977, 	28.2117055	83.96439629999999
639	Lakeside-6	 	Pokhara 33700, 	28.2043154	83.9661385
640	 	Lalupate Marga	Pokhara 33700, 	28.2272466	83.9827634
641	 	Gaurighat, Lakeside	Pokhara 33700, 	28.2064259	83.9610453
642	Gaurighat, Lakeside -6	 	Pokhara 33411, 	27.7133478	85.3494759
643	Off Baidem Road	 	Pokhara 33411, 	28.2168727	83.9587303
644	Sedi Bagar	 	Pokhara 33411, 	28.2405517	83.9876532
645	Lake Side	 	Pokhara 33411, 	28.2087433	83.95987319999999
646	Gaurighat - in Lakeside near Royal Palace	 	Pokhara 163, 	28.2053021	83.9616364
647	Lakeside, Gaurighat	Shiva Temple Street	Pokhara 33411, 	39.77908050000001	-105.057631
648	No 25 Ward	Chisapani, Pumdi Bhumdi	Pokhara 33411, 		
649	Sedibagar, Panchasemarga	August Street, Sarangkot Sedi	Pokhara 33700, 		
650	11 Lekhantha	Pachabhaiya	Pokhara 33411, 		
651	Barahi Marg, Baidam-6	Lakeside	Pokhara 5801, 	28.208175	83.95794800000002
652	Halan Chock, Dihiko Patan Road	 	Pokhara 33700, 	28.2095686	84.0105823
653	World Peace Pagoda	Pumdi Bhumdi VDC1	Pokhara 33411, 	28.2002337	83.94725199999999
654	Lakeside, Gaurighat	Shiva Temple Street	Pokhara 33411, 	39.77908050000001	-105.057631
655	Gharipatan	 	Pokhara 33411, 	28.1874169	83.9717805
656	Lakeside Rd	 	Pokhara 33700, 	28.2053021	83.9616364
657	Peaceful Marga, Lake Side	 	Pokhara 00977, 	28.2067354	83.9640065
658	Shivalaya Marga, Lakeside - 6	Gaurighat	Pokhara 33700, 	28.2092512	83.98218729999999
659	Lakeside 6 Gaurighat Ratanamandir	Lakeside	Pokhara 33411, 	28.2064259	83.9610453
660	6 Lakeside, Pokhara	 	Pokhara 33411, 	28.2043154	83.9661385
661	6 Baidam	Gaurighat	Pokhara 33411, 	28.2054222	83.9671501
662	Lakeside - 6	Pokhara Gandaki Zone	Pokhara 00977, 	28.2043154	83.9661385
663	Dehikopatan, Lakeside	 	Pokhara 33411, 	28.2053021	83.9616364
664	Durbar Marg Ln	Lakeside	Pokhara 33700, 	28.2076996	83.9599429
665	Pahari Marg	 	Pokhara 977, 	28.1758641	83.95673479999999
666	Multhok Path, Lakeside	 	Pokhara 33700, 		
667	6 Lakeside	 	Pokhara 33411, 		
668	Landmark Chowk	Lakeside, Pokhara,Nepal	Pokhara 33411, 	28.2079675	83.9577644
669	Shiva Temple Street, Gaurighat Lakeside	 	Pokhara 33700, 	28.2068918	83.9624716
670	6 Lake Side	 	Pokhara 33411, 	28.2043154	83.9661385
671	Lakeside	 	Pokhara 33411, 	28.2103354	83.9591818
672	49 Samikopatan Marga	Samiko Patan Marga, Lakeside	Pokhara 33700, 	37.57257910000001	21.5861525
673	Barahi Path	Lakeside-6	Pokhara 00977, 		
674	Baidam Road, Khahare, Lakeside-6	 	Pokhara 33700, 	28.2182632	83.9587641
675	Center-point Lakeside	 	Pokhara 33700, 	28.2240552	83.9897644
676	Ammot Street	Lakeside-6	Pokhara 33411, 	28.2073616	83.95921969999999
677	Pokhara 18	Sedi Bagar, Lakeside	Pokhara 33700, 	28.2238538	83.9516258
678	 	Gharipatan	Pokhara, 	28.1874169	83.9717805
679	Lakeside, Lalupate marg	 	Pokhara 83, 	28.2125993	83.959177
680	Kaski	 	Pokhara 44600, 		
681	Pahari Marg , Lakside-6	 	Pokhara 33700, 	28.2182895	83.9587979
682	Lakeside - 6	 	Pokhara 44601, 	28.2114719	83.95707879999999
683	Khahare, Lakeside	 	Pokhara 33700, 		
684	Lakeside-6	Pokhara Center Point	Pokhara 33700, 	28.2112959	83.9568758
685	Barahi Street Lakeside 6	House no 115	Pokhara 33700, 		
686	Barahi Path	Lakeside	Pokhara 33411, 	28.2082563	83.9574207
687	Khahare (Lakeside North)	 	Pokhara 33411, 	28.1482293	83.8764575
688	Baidam Rd	Lakeside	Pokhara 00000, 	28.2152764	83.9583749
689	Lakeside 6, Phewa Lake	 	Pokhara 33411, 	28.2153837	83.9453168
690	Baidam 6	Lake Side	Pokhara 061, 	28.2067354	83.9640065
691	Durbar Marg	Lake side, Gaurighat	Pokhara 33700, 	28.2077575	83.9599764
692	Lakeside	 	Pokhara 33411, 	28.2103354	83.9591818
693	Lakeside - 6, Khahare Chowk	Baidam	Pokhara 33700, 		
694	Gaurighat Path	Gaurighat, Lakeside-6	Pokhara 33700, 		
695	Lakeside, Pokhara-6	 	Pokhara 33700, 	28.2043154	83.9661385
696	Durbar Marg Lane 1/12	Gaurighat Lakeside	Pokhara 33411, 	28.2076996	83.9599429
697	Barahi Path	Lake Side	Pokhara 33411, 	28.2084506	83.95855920000001
698	 	Lakeside	Pokhara 33700, 	28.2087433	83.95987319999999
699	 	Happy Village, Pokhara 26	Pokhara, 	28.227879	83.9382227
700	6 Lakeside	(near Camping Ground)	Pokhara 33411, 	28.2103354	83.9591818
701	2 Mansorawor Path	Lakeside 6	Pokhara 33411, 	28.2073616	83.95921969999999
702	Lakeside Rd	 	Pokhara 33411, 	28.2053021	83.9616364
703	Phewa Lake Dam Side Pardi	PO Box 239	Pokhara 33411, 	28.1952045	83.9704924
704	 	Shantipatan, Lakeside	Pokhara 33700, 	28.2053021	83.9616364
705	Lamsal Thar	Ghachok-3	Pokhara 33700, 	28.1934989	83.9584328
706	Lakeside 6, Khahare Bangladi 300 meter behind three sister guest house	 	Pokhara 33700, 	28.237987	83.99558789999999
707	Gaurighat Marg Lakeside 6	 	Pokhara 33700, 	28.208086	83.960561
708	Sarangkot Road Suite	Methlang Village	Pokhara 33700, 	28.2263949	83.96417319999999
709	Lakeside	 	Pokhara 33411, 	28.2103354	83.9591818
710	Lakeside	Gaurighat	Pokhara 33700, 	28.2043154	83.9661385
711	Dhikurpokhari - 2, Nagdada, Kaski	 	Pokhara 00977, 		
712	Pokhara-6	Lakeside	Pokhara 33700, 	28.2043154	83.9661385
713	Lakeside-6	 	Pokhara 33700, 	28.2043154	83.9661385
714	3 Sarangkot	 	Pokhara 33700, 	28.2439298	83.9486254
715	No. 34 Darbar Marg , House	Gaurighat,Lake Side-6	Pokhara 33411, 	27.7133478	85.3494759
716	126 Main Street	Lake Side	Pokhara 33700, 	28.2048399	83.9624841
717	Middlepath Street	Lake Side, Baidam	Pokhara 00977, 	28.2110076	83.9594965
718	Lakeside Gaurighat 6 Baidam	 	Pokhara 33411, 	28.2028162	83.9666951
719	Phewa Lake Dam Side Pardi	PO Box 239	Pokhara 33411, 	28.1952045	83.9704924
720	Central Lakeside-6	Samikopatan street.	Pokhara 00977, 	28.237987	83.99558789999999
721	1 Sarangkot	Sarangkot Top	Pokhara 33700, 	28.244605	83.94868000000001
722	Fewa Marg	 	Pokhara 33700, 	28.177946	84.0108465
723	Baidam Road	Lakeside-6	Pokhara 33700, 	28.2138009	83.9575563
724	Gaurighat -6, Lake Side	 	Pokhara 33411, 	28.2064259	83.9610453
725	Baidam Road	 	Pokhara 33700, 		
726	 	 	Pokhara, 	28.237987	83.99558789999999
727	Centrepoint, Lakeside-06	 	Pokhara 33700, 	28.2150827	83.9581603
728	Durbamarga	 	Pokhara 6, 		
729	Lalupate Marg	 	Pokhara 33700, 	28.21215	83.95982
730	Durbar Marg	 	Pokhara 33700, 	28.2078688	83.9610443
731	6 Lakeside	 	Pokhara 33411, 	28.2073616	83.95921969999999
732	Lakeside Rd	 	Pokhara 33700, 	28.2053021	83.9616364
733	6 Lakeside, Khahare	 	Pokhara 00977, 	28.218832	83.960002
734	6 Gaurighat	Lakeside	Pokhara 33411, 	28.2043154	83.9661385
735	Khahare (Lakeside North)	 	Pokhara 33411, 	28.1482293	83.8764575
736	Ammat, Lakeside - 6	 	Pokhara 33700, 	28.2052118	83.9641178
737	Gaurighat, Shiva Mandir Marg	Lakeside - 6	Pokhara 33700, 	28.2057714	83.96131150000001
738	Barahi Path	Lakeside	Pokhara 33700, 	28.2084506	83.95855920000001
739	6 Middle Path Street	 	Pokhara 33411, 	28.2110076	83.9594965
740	190 Dhikhopatan, Fewa Marg, Hallenchowk, Lakeside	 	Pokhara 33700, 	28.2053021	83.9616364
741	Sedi-26	Panchase Marga	Pokhara 33700, 		
742	Prithvi Rajmarg, Chauthe	Kundahar 14	Pokhara 33700, 	28.19699	84.019882
743	6 Lakeside	 	Pokhara 33700, 	28.2043154	83.9661385
744	Sarangkot Road Suite	Methlang Village	Pokhara 33700, 		
745	Lakeside	 	Pokhara 6, 	28.2043154	83.9661385
746	Barahi Path	Barahi Path, Lakeside	Pokhara 33700, 	28.2084506	83.95855920000001
747	Lakeside-6	 	Pokhara 33707, 	28.2073616	83.95921969999999
748	Gaurighat Margh, Lakeside	 	Pokhara 061, 	28.2087433	83.95987319999999
749	Durbar marg	 	Pokhara 33700, 	28.2078688	83.9610443
750	6 Lakeside Road	 	Pokhara 40000, 	28.2073616	83.95921969999999
751	Lakeside, Baidam 6, Thadopasal	 	Pokhara 997, 	28.2070625	83.9607437
752	Lakeside Road 6	 	Pokhara 33700, 		
753	Lakeside	Gaurighat	Pokhara 33700, 	28.2043154	83.9661385
754	Lakeside Road	Near Royal Palace	Pokhara 33700, 	28.2073616	83.95921969999999
755	Lakeside	Manasarowar Path, Near Hotel Meera	Pokhara 977, 		
756	 	 	Pokhara 33700, 	28.237987	83.99558789999999
757	6 Lakeside	Sami Ko Patan Marg	Pokhara 33411, 		
758	Barahi Marg, Lakeside	 	Pokhara 00977, 	28.2084506	83.95855920000001
759	1 Sarangkot	Sarangkot Top	Pokhara 33700, 	28.244605	83.94868000000001
760	Lakeside	Lakeside East	Pokhara 33411, 	28.2053021	83.9616364
761	Gaurighat, Lakeside 06	 	Pokhara 33700, 	28.2064259	83.9610453
762	 	Dihiko Patan, Hallan Chowk Lakeside	Pokhara 49000, 	28.2155745	83.96026069999999
763	Lakeside	 	Pokhara 00977, 	28.2087433	83.95987319999999
764	Astam-8, Dhital VDC, Kaski	 	Pokhara 0977, 	28.2966802	83.906924
765	Central Lakeside, Baidam Road	in the road beside Once Upon a Time Restaurant	Pokhara 6, 	28.2137623	83.9584985
766	Lakeside	 	Pokhara 33411, 	28.2103354	83.9591818
767	6 Lakeside, Ambot	 	Pokhara 33411, 	28.2073616	83.95921969999999
768	 	Lakeside, Barahi Path	Pokhara 33700, 	28.2082563	83.9574207
769	Lakeside Rd	Lakeside	Pokhara 33411, 	28.2102842	83.95703940000001
770	 	Khahare Chowk, Lakeside-6	Pokhara 33700, 	28.1482293	83.8764575
771	Begnas Lake	 	Pokhara 33700, 		
772	Ammat Street	Lakeside 06	Pokhara 33700, 	28.2064259	83.9610453
773	Methlang	Pokhara-6	Pokhara 33700, 	28.2310504	83.9648467
774	 	Lakeside	Pokhara, 	28.2087433	83.95987319999999
775	Sarangkot	Kaski	Pokhara 33700, 	28.2439298	83.9486254
776	6 Lakeside	 	Pokhara 33411, 	28.2073616	83.95921969999999
777	17 Pokhara	Kaski	Pokhara 33411, 	28.196524	83.97
778	Dhampus	 	Pokhara 33411, 	28.3068725	83.8419989
779	 	Khahare, Lakeside	Pokhara 33700, 		
780	Fewa Marga, Lakeside	 	Pokhara 401, 	28.2053021	83.9616364
781	Kahare Lakeside-6	 	Pokhara 33700, 	28.2182632	83.9587641
782	6 Lakeside	 	Pokhara 33411, 	28.2073616	83.95921969999999
783	Lakeside-6	 	Pokhara 37000, 	28.2073616	83.95921969999999
784	6 Lakeside	 	Pokhara 33411, 	28.2073616	83.95921969999999
785	Lalupate Margha	 	Pokhara 33700, 	28.2125024	83.9594363
786	Dihiko Patan	Lakeside-6	Pokhara 33411, 	28.2155745	83.96026069999999
787	Shantipatan Lakeside-6	 	Pokhara 00977, 	28.2073616	83.95921969999999
788	Baidam Road	Lake Side-6,	Pokhara 33700, 	28.2152764	83.9583749
789	Lalupate Marg	Lakeside	Pokhara 33700, 	28.21215	83.95982
790	Sedi Height, Lakeside	 	Pokhara 33700, 	28.2316822	83.9519554
791	6 23.2 Darbarmarg, Lakeside	Gaurighat	Pokhara 33411, 	28.2053021	83.9616364
792	6 Lakeside Road	 	Pokhara 40000, 	28.2073616	83.95921969999999
793	 	Lakeside	Pokhara 33700, 	28.2087433	83.95987319999999
794	Lakeside	 	Pokhara 33411, 	28.2103354	83.9591818
795	Sedi-26	Panchase Marga	Pokhara 33700, 	28.2231203	83.952477
796	Lakeside, Pokhara-6	 	Pokhara 33700, 	28.2043154	83.9661385
797	Nahar Marga	Lakeside, Jarebar	Pokhara 33700, 	28.213258	83.96537599999999
798	Dhampus-1, Kaski	 	Pokhara 33411, 	28.2934702	83.8687471
799	Lake Side, Sedi Hight	 	Pokhara 06114, 	28.2087433	83.95987319999999
800	Gaurighat, Darbar Marg	Near hotel center lake , Near hotel Darbar In	Pokhara 33411, 	27.7133478	85.3494759
801	Lakeside-6 pokhara Digitization's	 	Pokhara 33700, 	28.2073616	83.95921969999999
802	Durbargmarg	Lake Side	Pokhara 33700, 	28.2078688	83.9610443
803	6 Lakeside	 	Pokhara 33411, 		
804	Lakeside Baidam - 6	 	Pokhara 33700, 	28.2043154	83.9661385
805	Lakeside-6, Baidam, Ambot	 	Pokhara 33411, 	28.2070625	83.9607437
806	Lakeside, Baidam-6 Khahare	 	Pokhara 33411, 		
807	Baidam Road	North Lakeside, Bangladi-6	Pokhara 33700, 	28.2168727	83.9587303
808	 	Lakeside	Pokhara 33700, 	28.2087433	83.95987319999999
809	Lakeside Road	 	Pokhara 33700, 	28.2053021	83.9616364
810	GairiKhet margh	 	Pokhara 33700, 		
811	Pumdi-Bhumdi, World Peace Stupa	 	Pokhara 33411, 		
812	Lakeside Road	 	Pokhara 33700, 	28.2053021	83.9616364
813	 	Lake Side, Pokhara 6	Pokhara, 	28.2043154	83.9661385
814	Lakeside	 	Pokhara 33700, 	28.2087433	83.95987319999999
815	Lakeside-6	Khahare	Pokhara 33700, 		
816	Dristi marga 47	Lakeside	Pokhara 33700, 	28.2087433	83.95987319999999
817	Laxmi Tole House Number 54	 	Pokhara 33700, 		
818	Sarangkot	Kaski - 3	Pokhara 33411, 	28.2439298	83.9486254
819	34.1 Pragati Marga, Shanti Nagar Chowk	 	Pokhara 33700, 	28.2139998	83.9726311
820	Lakeside-6 khahare, Bangladi	 	Pokhara 33411, 	28.1482293	83.8764575
821	Kahare Lakeside	 	Pokhara 33700, 	28.2200269	83.9577472
822	Phewa Marga	Dhiko Patan-06, Lakeside	Pokhara 33700, 		
823	Mansorawor Path	 	Pokhara 33700, 	28.2960234	83.9100524
824	Nahar Marga Nareshwor	Lakeside - 6	Pokhara 33700, 	28.213133	83.96573099999999
825	Ammat Street	Lakeside -6	Pokhara 00977, 	28.2043171	83.96390590000001
826	Peaceful Marg	Lakeside	Pokhara 23114, 	28.2065535	83.9636621
827	Lakeside-6	Bidhyalaya Path	Pokhara P.O. Box no. 498, 	28.237987	83.99558789999999
828	Nahar Marga	Khahare	Pokhara 33700, 	28.213133	83.96573099999999
829	Lekhnath-11, Pachbhaiya	 	Pokhara 33700, 	28.1484247	84.0801613
830	Begnas Lake	 	Pokhara 33700, 	28.1739372	84.0973258
831	Lekhnath-11	Majhikuna Begnas	Pokhara 33700, 	28.1683908	84.11551589999999
832	Gaurighat 6th, Lakeside	 	Pokhara 33700, 	28.2067266	83.9624484
833	Gaurighat, Lakeside, Pokhara-6	 	Pokhara 33700, 	28.2064259	83.9610453
834	Lakeside Road	 	Pokhara 33700, 	28.2053021	83.9616364
835	Lalupate Marga, Lakeside	 	Pokhara 33411, 	28.212298	83.959954
836	Lekhnath-11, Begnas Taal	Kaski	Pokhara 33700, 	28.1739372	84.0973258
837	 	Lakeside Marga 6	Pokhara 33700, 		
838	Lakeside 6	 	Pokhara 33700, 	28.2043154	83.9661385
839	6 Lakeside	 	Pokhara 33411, 	28.2073616	83.95921969999999
840	Lakeside-06, Gaurighat	 	Pokhara 33700, 	28.2064259	83.9610453
841	Khahare-6, Baidam, Lakeside.	 	Pokhara 977, 	28.1482293	83.8764575
842	Lalupate Marg, Lake Side	 	Pokhara 33700, 	28.21215	83.95982
843	Barahi Marg, Lake Side	 	Pokhara 33700, 	28.2084506	83.95855920000001
844	Fewa Lake, Damside	 	Pokhara 33700, 	28.1971773	83.9701268
845	Lakeside	 	Pokhara 444, 	28.2053021	83.9616364
846	126 Main Street, Lakeside Pokhara	 	Pokhara 33700, 	28.2048399	83.9624841
847	Pokhara Lekhnath-31,Kaski Pachabhaiya	 	Pokhara 33700, 	28.1620297	84.1046441
848	Baidam Road Khahare Marga House No. 117	 	Pokhara 33700, 	28.2168727	83.9587303
849	 	Road Near Waterfront Resort	Pokhara 33700, 	48.062407	-123.042814
850	Backpackers Inn Road	 	Pokhara 33700, 		
851	Baidam Road	 	Pokhara 33700, 	28.2168727	83.9587303
852	Baidam-6 Devistan House No. 29	 	Pokhara 33700, 	28.2124354	83.9555266
853	Pokhara-Borsi-Kopra Road	 	Pokhara 00977, 	28.237987	83.99558789999999
854	Vidyalaya Path-6	 	Pokhara 00977, 	28.237987	83.99558789999999
855	Baidam-6/21	 	Pokhara 33700, 	28.2054222	83.9671501
856	 	Khapaudi, Lakeside	Pokhara, 	28.2043154	83.9661385
857	Lakeside	 	Pokhara 33411, 	28.2103354	83.9591818
858	Barahi Path	 	Pokhara 33700, 	28.2084506	83.95855920000001
859	Sarowar Marg, Lakeside-6	 	Pokhara 33700, 	28.2073616	83.95921969999999
860	Barahi path - lakeside	 	Pokhara 33700, 	28.2084506	83.95855920000001
861	Lakeside	 	Pokhara 977, 	28.2085109	83.95715609999999
862	Phewa Marg, Nareshwor, House No.1461. Phewamarg Sector 3	 	Pokhara 33700, 	28.2117783	83.9626285
863	Lakeside - 6, Baidam Rd	 	Pokhara 33411, 		
864	 	Gauri Marg, Buddha Chowk	Pokhara 33700, 		
865	Phewa Marga	 	Pokhara 33700, 		
866	New Road	 	Pokhara 33700, 	28.2169825	83.9862701
867	Lakeside Road	 	Pokhara 33700, 	28.2053021	83.9616364
868	Middle Path Street	 	Pokhara 33700, 		
869	Dikopatan, Lake Side Pokhara 6	 	Pokhara 33700, 	28.2087433	83.95987319999999
870	6 Khahare Lakeside	 	Pokhara 33411, 	28.1482293	83.8764575
871	Khahare, Lakeside	 	Pokhara 33700, 	28.2174711	83.9590083
872	Bidyalapath House Number 9.4	 	Pokhara 33700, 	28.237987	83.99558789999999
873	Pokhara-18, Sarangkot, Methlang	 	Pokhara 33700, 		
874	Barahi Path	Lakeside 6	Pokhara 33700, 	28.2043154	83.9661385
875	Hospital Marg Ramghat, Pokhara-12	 	Pokhara 33700, 	28.2134083	84.00036539999999
876	Lake Side-6	 	Pokhara 33700, 	28.2043154	83.9661385
877	Basanta Marg, Lake Side 6	 	Pokhara 00377, 	28.2087433	83.95987319999999
878	Lakeside, Phewa Lake	 	Pokhara 33411, 	28.2053021	83.9616364
879	 	Lakeside	Pokhara 33700, 	28.2087433	83.95987319999999
880	Thado Pasal Path	 	Pokhara 33700, 		
881	Hallan Chowk	Pokhara-6	Pokhara 33411, 	28.2139764	83.9577388
882	Darbar Marg	 	Pokhara 33700, 	28.2078688	83.9610443
883	17 Phewa Lake Pardi	 	Pokhara 33411, 	28.1951465	83.9712632
884	 	 	Pokhara 33700, 		
885	 	Lakeside	Pokhara 9771, 		
886	Lakeside	 	Pokhara 33411, 	28.2103354	83.9591818
887	 	Lakeside	Pokhara, 	28.2087433	83.95987319999999
888	Lakeside Road	 	Pokhara 33700, 	28.2053021	83.9616364
889	Pokhara-Lekhnath-25	Hemja, Kaski	Pokhara 33700, 	28.2856762	83.9024391
890	Basanta Marga	 	Pokhara 33700, 	28.2617753	83.97934819999999
891	 	Lakeside-04	Pokhara 33700, 	28.2053021	83.9616364
892	Baidam Rd	 	Pokhara 33700, 	28.2168727	83.9587303
893	Phewa Marga 2011, Dihikopatan	 	Pokhara 33700, 	28.213391	83.96052619999999
894	Baidam Rd, Lakeside Khahare	 	Pokhara 33411, 	28.2118596	83.9572111
895	Thadopasal, Baidam-6, House Number 66.3	 	Pokhara 00977, 	28.2054222	83.9671501
896	Sarangkot Road	 	Pokhara 33700, 		
897	Durbar Marg	 	Pokhara 33700, 		
898	Barahi Path	 	Pokhara 33700, 		
899	Bangladi Kaliente	 	Pokhara 33275, 	28.221709	83.9581747
900	lakeside - 08, Phirkepath, house number 28	 	Pokhara 33700, 	39.77908050000001	-105.057631
901	Durbar Marg	 	Pokhara 33700, 	28.2078688	83.9610443
902	Lamachaur Road	 	Pokhara 33700, 	28.2534046	83.9809748
903	Lakeside Road	Hallan Chock	Pokhara 33700, 	28.2138009	83.9575563
904	Lakeside Road	 	Pokhara 33700, 	28.2053021	83.9616364
905	Lalupate Marga, Lakeside Pokhara	 	Pokhara 33411, 	28.212298	83.959954
906	Sarangkot Road	 	Pokhara 33411, 	28.237606	83.98336619999999
907	6 Kahare Lakeside	 	Pokhara 33411, 		
908	Pahari Marga lake side-6	 	Pokhara 00977, 	28.2105	83.95844
909	 	Khahare, Lakeside	Pokhara, 	28.2182632	83.9587641
910	Barahi Path Lakeside	 	Pokhara 00977, 	28.2084506	83.95855920000001
911	Bangladi Road	Lakeside North	Pokhara 33411, 		
912	 	Khahare Lakeside	Pokhara 33700, 	28.2079675	83.9577644
913	Central Lakeside	 	Pokhara 61000, 	28.2087433	83.95987319999999
914	6 Lakeside	 	Pokhara 33411, 	28.2073616	83.95921969999999
915	Just off Harlan Chowk	Lakeside	Pokhara 33411, 	28.2119571	83.9998682
916	Lake side 6	 	Pokhara 00977, 	28.2067354	83.9640065
917	Lakeside	 	Pokhara 33411, 	28.2053021	83.9616364
918	Gauri Ghat, Lakeside South	Pokhara-6	Pokhara 33411, 	28.237987	83.99558789999999
919	Gauri Ghat, Lakeside	 	Pokhara 33411, 	28.2059596	83.96131849999999
920	6 Baidam	Pragati Marga , Gaurighat	Pokhara 33411, 	28.2081235	83.963905
921	Sarangkot-3	Bhumare Gaira	Pokhara 33700, 	28.2483759	83.9455777
922	Basundhara Park, Lakeside 6, Phewa Lake	 	Pokhara 33700, 	28.2027712	83.96483479999999
923	Durbar Marg	Lakeside-6	Pokhara 0, 	28.2063244	83.9614896
924	aamarsiddha marga, Pachaviya	 	Pokhara 33700, 	28.2272466	83.9827634
925	Lakeside, Gaurighat	 	Pokhara 33411, 	28.2053021	83.9616364
926	6 Pokhara	Near Kahare	Pokhara 33411, 	28.237987	83.99558789999999
927	Sarangkot 3	 	Pokhara 977, 	28.2439298	83.9486254
928	Lakeside	Lakeside	Pokhara 33411, 		
929	Other Lakeside, Anadu	 	Pokhara 33411, 	28.2053021	83.9616364
930	Lakeside-6	 	Pokhara 33700, 		
931	6 Lakeside	 	Pokhara 33411, 	28.2073616	83.95921969999999
932	6 Lalupatemarg, Lakeside	 	Pokhara 33411, 	28.21215	83.95982
933	 	 	Pokhara 33411, 	28.237987	83.99558789999999
934	 	Lakeside, Pahari Marg	Pokhara 33700, 	28.2102464	83.9593488
935	Baidam Road	North, Lakeside-6	Pokhara 33700, 	28.2138009	83.9575563
936	House number 27, Phirkhe path, lakeside -6	 	Pokhara 33700, 	28.2053021	83.9616364
937	 	 	Pokhara 00977, 	28.237987	83.99558789999999
938	Fewa Lake, Dam Side	 	Pokhara +977, 	28.1964383	83.9695374
939	Kaski	 	Pokhara 33700, 	28.237987	83.99558789999999
940	Sedi Height	 	Pokhara 33700, 	28.2316822	83.9519554
941	6 Lakeside	 	Pokhara 33411, 	28.2073616	83.95921969999999
942	Lakeside East	 	Pokhara 33411, 	28.2053021	83.9616364
943	6 Santipath, Lakeside	 	Pokhara 33411, 	28.2053021	83.9616364
944	Darbar Marg, Lakeside	 	Pokhara 33700, 	28.2078688	83.9610443
945	Lakeside	 	Pokhara 33704, 	28.2053021	83.9616364
946	Begnastaal	Pokhara Lekhnath-33	Pokhara 33700, 	28.1739372	84.0973258
947	Lake Side	Baidam-6	Pokhara 33411, 	28.2074479	83.9650673
948	Lakeside	 	Pokhara 33411, 	28.2053021	83.9616364
949	Lake Side Street	Just few meters walks from the Fewa Lake	Pokhara 33700, 	28.2153837	83.9453168
950	Lakeside, Jarebar	 	Pokhara 6, 	28.2114959	83.96616999999999
951	6 Baidam	Shanti Patan	Pokhara 33411, 	28.2054222	83.9671501
952	Lakeside	 	Pokhara 33411, 	28.2053021	83.9616364
953	Ammat Street, Lakeside	 	Pokhara 00977, 	28.2056215	83.9642509
954	231 Nahar Marg	Lakeside, Ward 6, Dihiko Patan	Pokhara 33700, 	28.2053021	83.9616364
955	Khahare	Lakeside-6	Pokhara 00977, 	28.214311	83.960191
956	Lakeside 6, Jareber	 	Pokhara 12345, 	28.2073616	83.95921969999999
957	Bangladi, North Lakeside	Khahare	Pokhara 33411, 	28.2053021	83.9616364
958	 	Lakeside	Pokhara 37700, 	28.2053021	83.9616364
959	Baidam Road	 	Pokhara 33700, 	28.2168727	83.9587303
960	Middle Path St	Lakeside, Pokhara-6	Pokhara 33700, 	28.2110076	83.9594965
961	Durbar Marga, Lakeside-06	 	Pokhara 33700, 	28.2077245	83.9594266
962	6 Lakeside	 	Pokhara 33411, 		
963	Lalupate Marg	Lakeside-6	Pokhara 00977, 		
964	Baidam Road	Khahare, Lake Side, Pokhara-6	Pokhara 33411, 	28.2043154	83.9661385
965	Lakeside-6	Khahare, Bangladi, Lakeside North	Pokhara 33700, 	28.22213	83.9578937
966	Lakeside-6 Dehikopatan	 	Pokhara 00977, 	28.2073616	83.95921969999999
967	6 Lakeside	 	Pokhara 33411, 	28.2073616	83.95921969999999
968	6 Lakeside, Gaurighat, Baidam	 	Pokhara 33411, 	28.2070625	83.9607437
969	Khahare, Lakeside-6	 	Pokhara 00977, 	28.218832	83.960002
970	Lake Side Height (North Lake)	 	Pokhara 33411, 	28.2103354	83.9591818
971	Lakeside Gaurighat	 	Pokhara 977, 	28.2059596	83.96131849999999
972	Lakeside	 	Pokhara 00977, 	28.2087433	83.95987319999999
973	6 Lakeside Gaurighat Pokhara	 	Pokhara 33411, 	28.2073616	83.95921969999999
974	Basundhara Park	 	Pokhara 33411, 	28.2027712	83.96483479999999
975	 	Jarebar, Lakeside	Pokhara 33700, 		
976	 	Lakeside	Pokhara 33700, 	28.2087433	83.95987319999999
977	Lakeside, Gaurighat-6, Durbarmarg	 	Pokhara 33700, 	28.208086	83.960561
978	17 Pardi Lakeside	 	Pokhara 33411, 	28.2053021	83.9616364
979	Lakeside	 	Pokhara 0977, 	28.2113452	83.9570595
980	Lakeside-6	Khahare	Pokhara 00977, 	28.218832	83.960002
981	Pachabhiya	Begnas Lake	Pokhara 33411, 	28.1739372	84.0973258
982	Dihiko Patan, Lakeside	 	Pokhara 33411, 		
983	Baidam Road	 	Pokhara 33411, 	28.2168727	83.9587303
984	No 32 Dirsti Marg, House	 	Pokhara 33411, 	28.237987	83.99558789999999
985	Phewa Lake, Pardi	 	Pokhara 00977, 	28.1947589	83.97310329999999
986	33700 Fewa Road	 	Pokhara 33411, 	28.2233098	83.91531049999999
987	6 Lake Side	 	Pokhara 33411, 	28.2043154	83.9661385
988	6 Lakeside	Dihikopatan	Pokhara 33411, 	28.213158	83.965559
989	Gaurighat, Lakeside	 	Pokhara 33700, 	28.2064259	83.9610453
990	Pokhara-6, Lakeside Khahare	 	Pokhara 33411, 	28.2122883	83.965818
991	Lakeside-6	 	Pokhara 00977, 		
992	Khahare, Lakeside 6	 	Pokhara 00977, 		
993	 	 	Pokhara, 		
994	Durbar Marg, Baidam	ODA Nr. 6, Lakeside	Pokhara 33700, 	28.2100792	83.9618742
995	Samikopatan Path	Lakeside, Hotel Lake Palace	Pokhara 33411, 	28.2112413	83.95974919999999
996	Pardi Phewa Lake	 	Pokhara 33411, 	28.1947589	83.97310329999999
997	North Lakeside 6	 	Pokhara 450, 	28.2165125	83.9587919
998	Lakeside 6 - Centerpoint	 	Pokhara 33411, 	28.2073616	83.95921969999999
999	Bagmara Rd	Ghari Patan, Radha Krishna Mandir	Pokhara 33700, 	28.1491106	84.03611360000001
1000	6 Darbar Street, Lakeside	 	Pokhara 33411, 	28.2053021	83.9616364
1001	Baidam-6#, Lake Side	Opposite Royal Palace	Pokhara 33700, 	28.2043154	83.9661385
1002	Lake Side, Baidam-6	 	Pokhara 33700, 	28.2043154	83.9661385
1003	 	Lakeside	Pokhara 33700, 		
1004	 	 	Pokhara, 	28.237987	83.99558789999999
1005	Sedi Bagar-26	 	Pokhara 33700, 	28.2238538	83.9516258
1006	Sedi Bazar, Lake Side	Panchase Marga	Pokhara 977, 	28.2348662	83.9137155
1007	Peaceful Street	 	Pokhara 33411, 	28.237987	83.99558789999999
1008	Lakeside 15	 	Pokhara 7108, 	28.2053021	83.9616364
1009	06 Lakeside Ammat	near Bashundhara Park	Pokhara 33411, 	28.2150827	83.9581603
1010	Lakeside	 	Pokhara 33411, 	28.2053021	83.9616364
1011	Sarangkot 3	 	Pokhara 33700, 		
1012	17 Dam Side	 	Pokhara 33411, 		
1013	Anadu	Across Lake Fewa from Lakeside	Pokhara 33411, 	28.2097252	83.9565929
1014	Lakeside-6, House Number 7	 	Pokhara 33700, 	28.237987	83.99558789999999
1015	Lalupate Marga	Baidam	Pokhara 08, 	28.212298	83.959954
1016	Lakeside-6, Khahare	 	Pokhara 00977, 	28.218832	83.960002
1017	6 Lake Side, Baidam	 	Pokhara 33411, 	28.2043154	83.9661385
1018	Lakeside-6	Nareshwor	Pokhara 33700, 	28.2138009	83.9575563
1019	Lalupate Marg	 	Pokhara 33411, 	28.2074479	83.9650673
1020	Pokhari Gau 8, Dhampus	 	Pokhara 33411, 	28.2103673	83.97297929999999
1021	6 Lakeside	 	Pokhara 33411, 	28.2073616	83.95921969999999
1022	 	 	Pokhara, 	28.237987	83.99558789999999
1023	Dandathar	Begnas	Pokhara 1663, 	28.1116979	83.9027855
1024	6 Lakeside	 	Pokhara 33411, 	28.2073616	83.95921969999999
1025	Baidam Road	Lakeside	Pokhara 33700, 	28.2168727	83.9587303
1026	Durbar Marg, Gaurighat, Lakeside	 	Pokhara 33411, 	28.2077575	83.9599764
1027	Ammat Street 6	 	Pokhara 33700, 	28.2056215	83.9642509
1028	Ammboat Marg 1	Shanti Patan, Lakeside	Pokhara 33700, 		
1029	Near David Fall, Chorepatan, Fulbari	 	Pokhara 33411, 	28.1900433	83.9592231
1030	Bandipur 4, Tundekhel, Tanahun	 	Pokhara 33411, 	27.9170425	84.406761
1031	Lake Side Pokhara 6	 	Pokhara 33700, 	28.2043154	83.9661385
1032	Sarangkot	 	Pokhara 33700, 		
1033	Shyauli Bazaar	Karapu	Pokhara 33604, 		
1034	17 Dam Side Pardi	 	Pokhara 33411, 	28.195911	83.9697987
1035	Shiva Margh Gaurighat	 	Pokhara 33411, 	28.2203595	83.9748809
1036	Lakeside	 	Pokhara 33411, 	28.2053021	83.9616364
1037	Basanta baithak marg	Phewa Lake	Pokhara 33411, 	28.2153837	83.9453168
1038	Jare Bar	Lakeside	Pokhara 33700, 	28.2089329	83.95717280000001
1039	6 Lakeside	 	Pokhara 33411, 	28.2073616	83.95921969999999
1040	Sedi Height, Lakeside Road	 	Pokhara 33411, 	28.2053021	83.9616364
1041	Baidam-6	Lakeside	Pokhara 33700, 	28.2043154	83.9661385
1042	Off Baidem Road	 	Pokhara 33411, 	28.2168727	83.9587303
1043	Dhital 8 Astam	 	Pokhara 33700, 		
1044	Center Point, Lakeside-6	Pokhara	Pokhara 00977, 		
1045	6 Phewa Lakeside	In Front of Fishtail Lodge Gate	Pokhara 33411, 	28.2153837	83.9453168
1046	Gaurighat, Lake Side	 	Pokhara 37700, 	28.2064259	83.9610453
1047	Lake Side, Barahi Path, Pokhara-6	 	Pokhara 00977, 	28.2084506	83.95855920000001
1048	World Peace Pagoda	Dungepani	Pokhara 33411, 	28.233599	83.987389
1049	Nareshwor, Lakeside, Baidam-6	Gandaki	Pokhara 00977, 	28.2117055	83.96439629999999
1050	Ammat, Lakeside	 	Pokhara 33700, 	28.2056215	83.9642509
1051	Middle Path St	Lakeside - 6	Pokhara 33700, 	28.211048	83.95983009999999
1052	Sedi Bagar, Lakeside	 	Pokhara 196, 	28.227282	83.94802179999999
1053	Lakeside	Pahari Path	Pokhara 00977, 	28.2067354	83.9640065
1054	6 Pokhara	Lakeside	Pokhara 33411, 	28.2043154	83.9661385
1055	 	Lalupate Marga	Pokhara 33700, 	28.2272466	83.9827634
1056	Lakeside	400 Meters from Fewa Lake	Pokhara 249, 	28.2113136	83.9571393
1057	Lakeside - 6, Lalupatemarga	Pokhara, Nepal	Pokhara 00977, 		
1058	Lakeside, Baidam-6	 	Pokhara Baidam - 6, 	28.2043154	83.9661385
1059	Gaurighat - in Lakeside near Royal Palace	 	Pokhara 163, 	28.2053021	83.9616364
1060	Sedibagar, Panchasemarga	August Street, Sarangkot Sedi	Pokhara 33700, 		
1061	Lake Side, Baidam	 	Pokhara 33700, 	28.2028162	83.9666951
1062	Pahari Marga	Lakeside	Pokhara 33411, 	28.2103354	83.9591818
1063	Pahari Marg	Lakeside, Baidam 6	Pokhara 33411, 	28.2103354	83.9591818
1064	house no 79, Barahi path, ward no 6	 	Pokhara 33700, 	28.209509	83.96023799999999
1065	South Lakeside	 	Pokhara 33411, 	28.2053021	83.9616364
1066	Durbar Marg	Lakeside	Pokhara 33411, 	28.2059552	83.9604136
1067	11 Lekhantha	Pachabhaiya	Pokhara 33411, 	28.237987	83.99558789999999
1068	11 Lekhantha	Pachabhaiya	Pokhara 33411, 	28.237987	83.99558789999999
1069	Sedibagar, Panchasemarga	August Street, Sarangkot Sedi	Pokhara 33700, 	28.2238538	83.9516258
1070	No 25 Ward	Chisapani, Pumdi Bhumdi	Pokhara 33411, 	28.1807917	83.9317811
1071	Barahi Marg, Baidam-6	Lakeside	Pokhara 5801, 	28.208175	83.95794800000002
1072	6 Baidam	Gaurighat	Pokhara 33411, 	28.2054222	83.9671501
1073	World Peace Pagoda	Pumdi Bhumdi VDC1	Pokhara 33411, 		
1074	Lakeside, Gaurighat	Shiva Temple Street	Pokhara 33411, 	39.77908050000001	-105.057631
1075	Barahi Path	Lakeside	Pokhara 33411, 	28.2082563	83.9574207
1076	Peaceful Marga, Lake Side	 	Pokhara 00977, 	28.2067354	83.9640065
1077	6 Lakeside, Pokhara	 	Pokhara 33411, 	28.2043154	83.9661385
1078	Shivalaya Marga, Lakeside - 6	Gaurighat	Pokhara 33700, 		
1079	Dehikopatan, Lakeside	 	Pokhara 33411, 	28.2053021	83.9616364
1080	Pahari Marg	 	Pokhara 977, 	28.1758641	83.95673479999999
1081	Lakeside - 6	Pokhara Gandaki Zone	Pokhara 00977, 	28.2043154	83.9661385
1082	Durbar Marg Ln	Lakeside	Pokhara 33700, 	28.2076996	83.9599429
1083	Lakeside	 	Pokhara 33411, 	28.2053021	83.9616364
1084	Lakeside 6 Gaurighat Ratanamandir	Lakeside	Pokhara 33411, 	28.2064259	83.9610453
1085	Shiva Temple Street, Gaurighat Lakeside	 	Pokhara 33700, 	28.2068918	83.9624716
1086	Pokhara 18	Sedi Bagar, Lakeside	Pokhara 33700, 	28.2238538	83.9516258
1087	Multhok Path, Lakeside	 	Pokhara 33700, 	28.2053021	83.9616364
1088	Lakeside	 	Pokhara 33411, 	28.2053021	83.9616364
1089	Baidam Road, Khahare, Lakeside-6	 	Pokhara 33700, 		
1090	Gharipatan	 	Pokhara 33411, 	28.1874169	83.9717805
1091	Ammot Street	Lakeside-6	Pokhara 33411, 	28.2073616	83.95921969999999
1092	49 Samikopatan Marga	Samiko Patan Marga, Lakeside	Pokhara 33700, 	37.57257910000001	21.5861525
1093	6 Lake Side	 	Pokhara 33411, 	28.2043154	83.9661385
1094	6 Lakeside	 	Pokhara 33411, 	28.2073616	83.95921969999999
1095	Center-point Lakeside	 	Pokhara 33700, 	28.2240552	83.9897644
1096	Landmark Chowk	Lakeside, Pokhara,Nepal	Pokhara 33411, 	28.2079675	83.9577644
1097	Barahi Path	Lakeside-6	Pokhara 00977, 	28.208175	83.95794800000002
1098	Pahari Marg , Lakside-6	 	Pokhara 33700, 	28.2182895	83.9587979
1099	Barahi Path	Lake Side	Pokhara 33411, 	28.2084506	83.95855920000001
1100	Baidam Rd	Lakeside	Pokhara 00000, 	28.2152764	83.9583749
1101	Lake Side	 	Pokhara 456000, 	28.2087433	83.95987319999999
1102	 	Gharipatan	Pokhara, 	28.1874169	83.9717805
1103	World Peace Pagoda	Pumdi Bhumdi VDC1	Pokhara 33411, 	28.2002337	83.94725199999999
1104	Lakeside Rd	 	Pokhara 33700, 	28.2053021	83.9616364
1105	Halan Chock, Dihiko Patan Road	 	Pokhara 33700, 	28.2095686	84.0105823
1106	Lakeside Rd	 	Pokhara 33411, 	28.2053021	83.9616364
1107	6 Lake Side	 	Pokhara 33411, 		
1108	 	Happy Village, Pokhara 26	Pokhara, 		
1109	Baidam 6	Lake Side	Pokhara 061, 		
1110	Lakeside 6, Phewa Lake	 	Pokhara 33411, 	28.2153837	83.9453168
1111	 	Shantipatan, Lakeside	Pokhara 33700, 		
1112	58 Barahi Path	Lakeside	Pokhara 33700, 	28.2084506	83.95855920000001
1113	Lakeside - 6	 	Pokhara 44601, 	28.2114719	83.95707879999999
1114	Lakeside-6	Pokhara Center Point	Pokhara 33700, 	28.2112959	83.9568758
1115	Durbar Marg	Lake side, Gaurighat	Pokhara 33700, 	28.2077575	83.9599764
1116	Lakeside-6	 	Pokhara 33700, 	28.2043154	83.9661385
1117	Gaurighat Path	Gaurighat, Lakeside-6	Pokhara 33700, 	28.2064259	83.9610453
1118	Durbar Marg Lane 1/12	Gaurighat Lakeside	Pokhara 33411, 	28.2076996	83.9599429
1119	Khahare, Lakeside	 	Pokhara 33700, 	28.2174711	83.9590083
1120	Lakeside - 6, Khahare Chowk	Baidam	Pokhara 33700, 	28.2054222	83.9671501
1121	Lakeside, Lalupate marg	 	Pokhara 83, 	28.2125993	83.959177
1122	Lamsal Thar	Ghachok-3	Pokhara 33700, 	28.1934989	83.9584328
1123	Barahi Path	Lakeside	Pokhara 33411, 	28.2082563	83.9574207
1124	6 Lakeside	(near Camping Ground)	Pokhara 33411, 		
1125	Lakeside 6, Khahare Bangladi 300 meter behind three sister guest house	 	Pokhara 33700, 	28.237987	83.99558789999999
1126	Lakeside	 	Pokhara 33411, 	28.2053021	83.9616364
1127	Barahi Street Lakeside 6	House no 115	Pokhara 33700, 		
1128	Sarangkot Road Suite	Methlang Village	Pokhara 33700, 	28.2263949	83.96417319999999
1129	Lakeside	 	Pokhara 33411, 	28.2053021	83.9616364
1130	Dhikurpokhari - 2, Nagdada, Kaski	 	Pokhara 00977, 	28.2820469	83.8747382
1131	Pokhara-6	Lakeside	Pokhara 33700, 	28.2043154	83.9661385
1132	Lakeside-6	 	Pokhara 33700, 	28.2043154	83.9661385
1133	3 Sarangkot	 	Pokhara 33700, 	28.2439298	83.9486254
1134	No. 34 Darbar Marg , House	Gaurighat,Lake Side-6	Pokhara 33411, 	27.7133478	85.3494759
1135	126 Main Street	Lake Side	Pokhara 33700, 	28.2048399	83.9624841
1136	Middlepath Street	Lake Side, Baidam	Pokhara 00977, 	28.2110076	83.9594965
1137	Lakeside Gaurighat 6 Baidam	 	Pokhara 33411, 	28.2028162	83.9666951
1138	Phewa Lake Dam Side Pardi	PO Box 239	Pokhara 33411, 	28.1952045	83.9704924
1139	Central Lakeside-6	Samikopatan street.	Pokhara 00977, 		
1140	Gaurighat Marg Lakeside 6	 	Pokhara 33700, 	28.208086	83.960561
1141	Fewa Marg	 	Pokhara 33700, 		
1142	Baidam Road	Lakeside-6	Pokhara 33700, 	28.2138009	83.9575563
1143	Gaurighat -6, Lake Side	 	Pokhara 33411, 	28.2064259	83.9610453
1144	Baidam Road	 	Pokhara 33700, 	28.2168727	83.9587303
1145	 	 	Pokhara, 	28.237987	83.99558789999999
1146	Centrepoint, Lakeside-06	 	Pokhara 33700, 	28.2150827	83.9581603
1147	Durbamarga	 	Pokhara 6, 	28.237987	83.99558789999999
1148	Lalupate Marg	 	Pokhara 33700, 	28.21215	83.95982
1149	Durbar Marg	 	Pokhara 33700, 	28.2078688	83.9610443
1150	6 Lakeside	 	Pokhara 33411, 	28.2073616	83.95921969999999
1151	Lakeside Rd	 	Pokhara 33700, 	28.2053021	83.9616364
1152	Lakeside, Pokhara-6	 	Pokhara 33700, 	28.2043154	83.9661385
1153	6 Lakeside, Khahare	 	Pokhara 00977, 	28.218832	83.960002
1154	6 Gaurighat	Lakeside	Pokhara 33411, 		
1155	Khahare (Lakeside North)	 	Pokhara 33411, 	28.1482293	83.8764575
1156	Ammat, Lakeside - 6	 	Pokhara 33700, 	28.2052118	83.9641178
1157	Gaurighat, Shiva Mandir Marg	Lakeside - 6	Pokhara 33700, 		
1158	Barahi Path	Lakeside	Pokhara 33700, 	28.2084506	83.95855920000001
1159	6 Middle Path Street	 	Pokhara 33411, 		
1160	190 Dhikhopatan, Fewa Marg, Hallenchowk, Lakeside	 	Pokhara 33700, 	28.2053021	83.9616364
1161	Sedi-26	Panchase Marga	Pokhara 33700, 	28.2231203	83.952477
1162	Prithvi Rajmarg, Chauthe	Kundahar 14	Pokhara 33700, 	28.19699	84.019882
1163	6 Lakeside	 	Pokhara 33700, 	28.2043154	83.9661385
1164	Sarangkot Road Suite	Methlang Village	Pokhara 33700, 	28.2263949	83.96417319999999
1165	Lakeside	 	Pokhara 6, 	28.2043154	83.9661385
1166	Barahi Path	Barahi Path, Lakeside	Pokhara 33700, 	28.2084506	83.95855920000001
1167	Lakeside-6	 	Pokhara 33707, 	28.2073616	83.95921969999999
1168	Gaurighat Margh, Lakeside	 	Pokhara 061, 	28.2087433	83.95987319999999
1169	Durbar marg	 	Pokhara 33700, 	28.2078688	83.9610443
1170	6 Lakeside Road	 	Pokhara 40000, 	28.2073616	83.95921969999999
1171	Lakeside, Baidam 6, Thadopasal	 	Pokhara 997, 	28.2070625	83.9607437
1172	Lakeside Road 6	 	Pokhara 33700, 	28.2070625	83.9607437
1173	Lakeside	Gaurighat	Pokhara 33700, 	28.2043154	83.9661385
1174	Lakeside Road	Near Royal Palace	Pokhara 33700, 		
1175	Lakeside	Manasarowar Path, Near Hotel Meera	Pokhara 977, 	28.211048	83.95983009999999
1176	 	 	Pokhara 33700, 	28.237987	83.99558789999999
1177	6 Lakeside	Sami Ko Patan Marg	Pokhara 33411, 	28.2122883	83.965818
1178	Barahi Marg, Lakeside	 	Pokhara 00977, 	28.2084506	83.95855920000001
1179	1 Sarangkot	Sarangkot Top	Pokhara 33700, 	28.244605	83.94868000000001
1180	Lakeside	Lakeside East	Pokhara 33411, 	28.2053021	83.9616364
1181	Gaurighat, Lakeside 06	 	Pokhara 33700, 	28.2064259	83.9610453
1182	 	Dihiko Patan, Hallan Chowk Lakeside	Pokhara 49000, 	28.2155745	83.96026069999999
1183	Lakeside	 	Pokhara 00977, 	28.2087433	83.95987319999999
1184	Astam-8, Dhital VDC, Kaski	 	Pokhara 0977, 	28.2966802	83.906924
1185	Central Lakeside, Baidam Road	in the road beside Once Upon a Time Restaurant	Pokhara 6, 	28.2137623	83.9584985
1186	Lakeside	 	Pokhara 33411, 	28.2103354	83.9591818
1187	6 Lakeside, Ambot	 	Pokhara 33411, 	28.2073616	83.95921969999999
1188	Durbar Square -5 , Bhaktapur ,Nepal	Ward 5	Bhaktapur 44800, 	27.6720744	85.42810229999999
1189	7 Mandev Marg	Jhaukhel Vdc	Bhaktapur 44800, 	27.6795845	85.4294266
1190	Dattatreya Square	Tachupal Tole	Bhaktapur 44800, 	27.6733934	85.4353587
1191	Balakhu-10	Durbar Square	Bhaktapur 8867, 	27.6720744	85.42810229999999
1192	15 Itachhen	 	Bhaktapur 44800, 	27.6728553	85.4255331
1193	Pottery Square	 	Bhaktapur 12, 	27.6700651	85.4283612
1194	Bhaktapur Rd	Gapali	Bhaktapur 44800, 	27.6728803	85.4113234
1195	Suryabinayak	 	Bhaktapur 44800, 	27.673864	85.4272402
1196	Kulmanani, Tamaudhi Square	Kulmanani, Taumadhi	Bhaktapur 44800, 		
1197	4 Devli Square	between Dattatraya Square and Naag Pokhari	Bhaktapur 44800, 	27.6743025	85.4339013
1198	11 Taumadhi Square	 	Bhaktapur 44800, 	27.671596	85.42918
1199	Bhaktapur	Darbar square	Bhaktapur 44800, 	27.6720744	85.42810229999999
1200	Khauma-13 Bhaktapur Durbar Square	 	Bhaktapur 977, 	27.6720744	85.42810229999999
1201	Nagarkot Road	Kamalbinayak-10	Bhaktapur 44600, 		
1202	Roof Top Restaurant	Taumadhi Square	Bhaktapur 44800, 		
1203	11 Dunbar square	 	Bhaktapur 44800, 		
1204	Pottery Square	 	Bhaktapur 44800, 	27.6698801	85.4277805
1205	Taumadhi Square	 	Bhaktapur 977, 	27.6713593	85.4293285
1206	Dattatreya Square	Near the famous peacock window	Bhaktapur 44800, 	27.6733934	85.4353587
1207	10 Balakhu	 	Bhaktapur 44800, 	27.2543722	86.3072469
1208	4 Bekhal, Mahalaxmi	 	Bhaktapur 44800, 	27.673864	85.4272402
1209	 	Taumadhi Square	Bhaktapur 44800, 	27.6709068	85.4290942
1210	12 Gahiti	 	Bhaktapur 44800, 	27.673864	85.4272402
1211	Durbar Square	Taumadhi Square	Bhaktapur 44800, 		
1212	5 Lalachhen	 	Bhaktapur 44800, 	27.6731276	85.4317441
1213	Pottery Square	 	Bhaktapur 44800, 	27.6698801	85.4277805
1214	2 Balakhu	 	Bhaktapur 44800, 	27.6729839	85.4292533
1215	Panchamahalaxmi Temple	Chhaling	Bhaktapur 5801, 	27.716124	85.470085
1216	Balakhu-10	Durbar square	Bhaktapur 00977, 	27.6720744	85.42810229999999
1217	Dattatrya Square, Gachhen, Way to Nawadurga Temple	 	Bhaktapur 44800, 	27.6733934	85.4353587
1218	 	Baluwapati Deupur	Bhaktapur 44800, 		
1219	Nasamana 13	 	Bhaktapur 00977, 	27.6710221	85.4298197
1220	Nagarkot -2 Bastola Gaun	 	Bhaktapur 44812, 		
1221	Chundevi, Katunje 8	 	Bhaktapur 977, 	27.6668816	85.41708109999999
1222	Thalachhen, Nag Pokhari-4	 	Bhaktapur 00977, 		
1223	Durbar Square	 	Bhaktapur 44800, 		
1224	05 Sukuldhoka	 	Bhaktapur 44800, 	27.6714409	85.4314318
1225	Khauma-13 Bhaktapur Durbar Square	 	Bhaktapur 977, 	27.6720744	85.42810229999999
1226	Narayan Chowk, Taumadhi Square	 	Bhaktapur 44800, 	27.6713593	85.4293285
1227	Changunarayan Road	 	Bhaktapur 44800, 	27.6922178	85.4395282
1228	Ward No. 5, Chitapol VDC, Sanga	 	Bhaktapur 0122022, 		
1229	Bhaktapur	Darbar square	Bhaktapur 44800, 	27.6720744	85.42810229999999
1230	Taumadi	 	Bhaktapur 44800, 	27.6713593	85.4293285
1231	Near Pottery Square,	Bolachhen Tole-14	Bhaktapur 97701, 	27.6698801	85.4277805
1232	Pottery Squarre	Bolachhen-12	Bhaktapur 00977, 	27.6698801	85.4277805
1233	Lokanthali-7	 	Bhaktapur 09591, 	27.6738134	85.35948499999999
1234	Nagarkot Road	 	Bhaktapur 44800, 	27.6715355	85.4167828
1235	Ichhu Tole, Durbar Square	 	Bhaktapur 44800, 	27.6720744	85.42810229999999
1236	Sudal-8 Kalamasi	New Jitpur nagarkot road	Bhaktapur 44800, 		
1237	5 Kwachhen	 	Bhaktapur 44800, 	27.673864	85.4272402
1238	Taumadhi	 	Bhaktapur 44800, 	27.6713593	85.4293285
1239	 	 	Bhaktapur 44800, 	27.673864	85.4272402
1240	 	Duwakot, Chagunarayan	Bhaktapur 44802, 	27.690913	85.4117608
1241	Nagarkot Road 8	 	Bhaktapur 44812, 	27.6721696	85.43133089999999
1242	Bhaktapur Durbar Square	 	Bhaktapur 44800, 	27.6720744	85.42810229999999
1243	 	 	Bhaktapur 44800, 	27.673864	85.4272402
1244	Ganeshthan Road, Manjushree Building	First Floor	Bhaktapur 44800, 	27.6703033	85.42027100000001
1245	Nangkhel	Bhatedhikur	Bhaktapur 44806, 	27.6506433	85.46249590000001
1246	Sipadole	 	Bhaktapur 44800, 	27.673864	85.4272402
1247	9 Nangkhel	 	Bhaktapur 44800, 	27.673864	85.4272402
1248	Balakhu-10	Durbar Square	Bhaktapur 8867, 	27.6720744	85.42810229999999
1249	Kulmanani, Tamaudhi Square	Kulmanani, Taumadhi	Bhaktapur 44800, 	27.6709817	85.4294729
1250	Durbar Square -5 , Bhaktapur ,Nepal	Ward 5	Bhaktapur 44800, 	27.6720744	85.42810229999999
1251	Bhaktapur Rd	Gapali	Bhaktapur 44800, 	27.6728803	85.4113234
1252	Ward No. 5, Chitapol VDC, Sanga	 	Bhaktapur 0122022, 	27.645889	85.475274
1253	Sukuldhoka	 	Bhaktapur 44800, 	27.6714409	85.4314318
1254	4 Pipeline Road, Kamalbinayak	 	Bhaktapur 44800, 	27.6790028	85.439268
1255	No 07 Dadhikot VDC, Ward	Gamcha	Bhaktapur 44800, 	27.673864	85.4272402
1256	2 Kapahity	Changu Narayan	Bhaktapur 44800, 	27.6664805	85.43764019999999
1257	12 Bolachhen	 	Bhaktapur 44800, 	27.6700651	85.4283612
1258	11 Taumadhi Square	 	Bhaktapur 44800, 	27.671596	85.42918
1259	 	Sallaghari	Bhaktapur 44800, 	27.6717628	85.4078902
1260	Nagarkot Road	Changunarayan 6, Nagarkot, Kharipati,	Bhaktapur 44800, 	27.7093613	85.50044659999999
1261	Durbar Square	 	Bhaktapur 44800, 	27.6720744	85.42810229999999
1262	Byasi	 	Bhaktapur 44800, 	27.6752717	85.4299839
1263	Nagarkot 8 Mahankal	 	Bhaktapur 44800, 	27.6721696	85.43133089999999
1264	11 Taumadhi Square	 	Bhaktapur 44800, 	27.671596	85.42918
1265	12 Suryabinayak	 	Bhaktapur 44800, 	27.673864	85.4272402
1266	03 Dattatraya Durbar Square, Tachhapal	Kumari Galli	Bhaktapur 44800, 	27.6734189	85.43454899999999
1267	1 Changunarayan	 	Bhaktapur 44800, 	27.673864	85.4272402
1268	Indrayani Byasi	 	Bhaktapur 44800, 	27.6752717	85.4299839
1269	8 Pandubazar Height, Katunje	 	Bhaktapur 44800, 	27.6624111	85.41773889999999
1270	Sanga	 	Bhaktapur 45555, 	27.6710221	85.4298197
1271	Taumadhi Square	 	Bhaktapur 44800, 	27.6709068	85.4290942
1272	Balakhu - 10, Bhaktapur Durbar Square	 	Bhaktapur 00977, 	27.2543722	86.3072469
1273	7 Suryavinayak	 	Bhaktapur 44800, 		
1274	Windy Hills	Nagarkot	Bhaktapur 977-1, 	27.7173579	85.50457109999999
1275	Ranikot hillock	to the south east of the Kathmandu valley at the altitude of 2000m, facing Phulchoki Mountain	Bhaktapur 44800, 	27.6284443	85.4286108
1276	Ashapuri	 	Bhaktapur 44800, 	27.673864	85.4272402
1277	Golmadhi 7, Sukuldhoka	 	Bhaktapur 44800, 	27.6725029	85.4320716
1278	Golmadhi 7, Sukuldhoka	 	Bhaktapur 44800, 	27.6725029	85.4320716
1279	8 Kwachhen	Gangsalea Chowk	Bhaktapur 44800, 	27.673864	85.4272402
1280	Lankapur	 	Lumbini 32914, 	27.6791987	83.5070203
1281	Parsa Chauraha	 	Lumbini 32914, 		
1282	24 Paklihawa Road	Siddartha Nagar	Lumbini 24, 		
1283	Mahilivar	 	Lumbini 32914, 	27.4688921	83.29207129999999
1284	Sacred Garden, Siddartha Nagar	 	Lumbini 32914, 		
1285	10 Lumbini Bazaar, Lumbini Sanskritik	Mahilwar, Rupandehi	Lumbini 32914, 	27.470363	83.284639
1286	Lumbini Bazar	 	Lumbini 32900, 	27.470794	83.286053
1287	8 Madhubani Bazar	 	Lumbini 32914, 	27.470348	83.284804
1288	Lankapur	 	Lumbini 32914, 	27.6791987	83.5070203
1289	Buddhanagar, Mahilwar	 	Lumbini 32914, 	27.469934	83.284049
1290	10 Mahilvar	Mayadevi Marg	Lumbini 32914, 	27.468928	83.286215
1291	Vishnupura Road	Madhubani	Lumbini 00977, 	27.4777593	83.2839619
1292	13 Siddhartha Nagar	Rupendehi	Lumbini 32914, 	27.5065119	83.43767489999999
1293	Mayadevi Temple Rd	Cultural Municipality-16	Lumbini 32914, 	27.469934	83.284049
1294	Taulihawa Road	 	Lumbini 32914, 		
1295	Devkota Chowk, Sidharth Nagar	 	Lumbini 32914, 	27.2715633	82.82097399999999
1296	Mahilwar Road	 	Lumbini 32900, 		
1297	Mahilwar Village Road Mahilwar-16	 	Lumbini 32900, 	27.470049	83.2921574
1298	Vishnupura Road	 	Lumbini 32900, 	27.5905149	83.2530816
1299	16 Mahilvar	 	Lumbini 32914, 	27.6791987	83.5070203
1300	Lumbini Sacred Garden	P.o.box65	Lumbini 32914, 	27.490323	83.29578640000001
1301	 	 	Lumbini, 	27.6791987	83.5070203
1302	In Front of Lumbini Main Gate	 	Lumbini 32914, 	27.490323	83.29578640000001
1303	Si Na Pa-1, Bhairahawa	Lumbini Area	Lumbini 0097771, 	27.5065119	83.43767489999999
1304	 	 	Lumbini 803116, 	27.6791987	83.5070203
1305	 	LCM-16 Mahilwar Rupandehi	Lumbini 32914, 	27.4688921	83.29207129999999
1306	Mayadevi Temple Road	 	Lumbini 32914, 	27.4696046	83.2800822
1307	Gaindakot	 	Lumbini 33000, 	27.7283893	84.3647199
1308	Mahilwar, Rupendehi	 	Lumbini 977, 	27.4688921	83.29207129999999
1309	 	 	Lumbini, 	27.6791987	83.5070203
1310	Mayadevi Temple Road	 	Lumbini 32914, 	27.4696046	83.2800822
1311	Gaindakot	 	Lumbini 33000, 	27.7283893	84.3647199
1312	Mahilwar, Rupendehi	 	Lumbini 977, 	27.4688921	83.29207129999999
1313	 	 	Lumbini, 	27.6791987	83.5070203
1314	Vishnupura Rd, Madhubani	 	Lumbini 32914, 		
1315	Mahilbar Chowk, Lumbini	 	Lumbini 32914, 		
1316	 	 	Lumbini, 	27.6791987	83.5070203
1317	 	 	Lumbini 0097771, 	27.6791987	83.5070203
1318	Nawalparasi	Lalitpur	Lumbini 00977, 	27.6498409	83.8897057
1319	Sunauli, Belahiya, Bhairawa	 	Lumbini 32914, 	27.4800638	83.46568889999999
1320	Buddhanagar	P.o.b.4115	Lumbini 32914, 	27.470794	83.286053
1321	Taulihawa Road	 	Lumbini 32914, 		
1322	13 Siddhartha Nagar	Rupendehi	Lumbini 32914, 	27.5065119	83.43767489999999
1323	Mahilwar Village Road Mahilwar-16	 	Lumbini 32900, 	27.470049	83.2921574
1324	Meghauli	 	Chitwan National Park 44205, 	27.5695526	84.2019036
1325	Magauli	Meghauli	Chitwan National Park 9771, 	27.5341022	84.4524666
1326	Meghauli	 	Chitwan National Park 44205, 	27.5695526	84.2019036
1327	Tigerpoint, Baghmara	Tigerpoint, Baghmara	Chitwan National Park 44200, 	27.591056	84.485244
1328	Patihani Road	 	Chitwan National Park, 	27.563598	84.342575
1329	Baghmara-17	Paryatan Margh	Chitwan National Park 00977, 	27.5874692	84.4846053
1330	Jagatpur	 	Chitwan National Park 49000, 	27.5664266	84.3063458
1331	Bharatpur - 22	In front of Chitwan National Park	Chitwan National Park 44207, 		
1332	Durbar Marg	Bandarjhola Island	Chitwan National Park 33000, 		
1333	Sauraha	 	Chitwan National Park 12692, 	27.5771843	84.49938619999999
1334	Pathihani 6, Ghatgain, Chitwan National Park	 	Chitwan National Park 12345, 	27.563598	84.342575
1335	Chitwan National Park, Sauraha	 	Chitwan National Park 44200, 	27.5341022	84.4524666
1336	 	Amaltari,Nawalparasi	Chitwan National Park 3968, 	27.5341022	84.4524666
1337	Badreni, Sauraha	 	Chitwan National Park, 	27.584849	84.5038658
1338	Devnagar, Gitanagar 4	Chitwan National Park	Chitwan National Park, 	27.6021485	84.4028417
1339	Ratnanagar-17	Sauraha	Chitwan National Park 44200, 	27.5771843	84.49938619999999
1340	Sauraha Sauraha 2	Chitwan National Park	Chitwan National Park 44200, 	27.5771843	84.49938619999999
1341	Bachhuli-2, Sauraha	Chitwan	Chitwan National Park, 	27.5341022	84.4524666
1342	Sauraha, Bachhauli, 2	 	Chitwan National Park, 	27.581682	84.493692
1343	Sauraha	 	Chitwan National Park 44200, 	27.5341022	84.4524666
1344	Chitwan National Park Sauraha	 	Chitwan National Park, 		
1345	 	 	Chitwan National Park 40059, 	27.5341022	84.4524666
1346	Devchuli	Nawalparasi	Chitwan National Park 44600, 	27.5341022	84.4524666
1347	Ayodhhyapuri 7, Tamta Bazaar, Madi	Narayani	Chitwan National Park 44213, 		
1348	Amaltari	 	Chitwan National Park 44600, 	27.5341022	84.4524666
1349	Ward no 1	Narayani Nager Palika	Chitwan National Park 44210, 	27.5695526	84.2019036
1350	Ghatgai, Paithani, Bharatpur 28	 	Chitwan National Park, 	27.563598	84.342575
1351	Gochada	 	Chitwan National Park, 		
1352	Sauraha	Bachauli , Sauraha, Chitwan	Chitwan National Park 44200, 	27.5771843	84.49938619999999
1353	Sauraha Chitwan	 	Chitwan National Park 00977, 	27.5771843	84.49938619999999
1354	Amaltari	 	Chitwan National Park 44600, 	27.5341022	84.4524666
1355	 	 	Dhulikhel, 	27.6253491	85.5560635
1356	 	 	Dhulikhel, 		
1357	Dhulikhel Rd	 	Dhulikhel 00977, 	27.6162815	85.55848189999999
1358	Bhattidada Road	 	Dhulikhel, 	27.6253491	85.5560635
1359	Dhulikhel Road 10	 	Dhulikhel 45200, 	27.6162815	85.55848189999999
1360	Dhulikhel Araniko Highway	 	Dhulikhel, 		
1361	Dhulikhel	 	Dhulikhel, 	27.6253491	85.5560635
1362	Phulbari 1, Kavre	P.O. Box 5779	Dhulikhel 977, 		
1363	Bhattidada, Kavre	 	Dhulikhel, 	27.6190204	85.57568189999999
1364	Resort Marga	 	Dhulikhel 45200, 		
1365	Bhattedanda	 	Dhulikhel, 		
1366	Resort Marga	 	Dhulikhel 00977, 	27.6163826	85.57163159999999
1367	 	 	Dhulikhel, 		
1368	 	 	Dhulikhel, 	27.6253491	85.5560635
1369	Resort Marga, Bhattedanda	 	Dhulikhel 45200, 	27.6184983	85.5758369
1370	Khawa	 	Dhulikhel 11580, 	27.6290143	85.5792189
1371	Kavre	 	Dhulikhel 49200, 		
1372	 	Sanjibani Bazar	Dhulikhel, 	27.6253491	85.5560635
1373	Kavre	 	Dhulikhel, 	27.6253491	85.5560635
1374	411924	 	Dhulikhel, 	27.6253491	85.5560635
1375	 	 	Dhulikhel, 	27.6253491	85.5560635
1376	Dhulikhel-3 Bhimsenthan	 	Dhulikhel, 	27.7030265	85.3036042
1377	Dhuleikhel-16	 	Dhulikhel, 	27.6162815	85.55848189999999
1378	Kavre District, Phulbari	near Kathmandu	Dhulikhel 4556, 		
1379	Dhulikhel	 	Dhulikhel, 	27.6253491	85.5560635
1380	Dhulikhel-6 Arniko Highway	 	Dhulikhel, 		
1381	Dabali Street	 	Dhulikhel, 	27.6253491	85.5560635
1382	Arniko marg	 	Dhulikhel, 	27.6227827	85.55219919999999
1383	Panauti-5, Kavre	 	Dhulikhel, 	27.6253491	85.5560635
1384	Arniko Highway	 	Dhulikhel, 	27.6227827	85.55219919999999
1385	 	Sanjibani Bazar	Dhulikhel, 	27.6253491	85.5560635
1386	Kavre	 	Dhulikhel, 	27.6253491	85.5560635
1387	411924	 	Dhulikhel, 	27.6253491	85.5560635
1388	 	 	Dhulikhel, 	27.6253491	85.5560635
1389	Dhulikhel-3 Bhimsenthan	 	Dhulikhel, 	27.7030265	85.3036042
1390	Dhuleikhel-16	 	Dhulikhel, 	27.6162815	85.55848189999999
1391	Kavre District, Phulbari	near Kathmandu	Dhulikhel 4556, 	27.6253491	85.5560635
1392	Dhulikhel	 	Dhulikhel, 	27.6253491	85.5560635
1393	Dhulikhel-6 Arniko Highway	 	Dhulikhel, 	27.6657755	85.4249687
1394	Dabali Street	 	Dhulikhel, 	27.6253491	85.5560635
1395	Arniko marg	 	Dhulikhel, 		
1396	Panauti-5, Kavre	 	Dhulikhel, 		
1397	Arniko Highway	 	Dhulikhel, 		
1398	Dhulikhel Road-1, Way to Dhulikhel Picnic Spot	 	Dhulikhel, 	27.6158506	85.56233569999999
1399	 	 	Dhulikhel, 	27.6253491	85.5560635
1400	Dhulikhel Height, Dhulikhel-1	Kavre	Dhulikhel, 	27.6253491	85.5560635
1401	Dhulikhel Road	 	Dhulikhel 45200, 	27.6162815	85.55848189999999
1402	Naya Gaon	 	Dhulikhel, 	30.7761322	76.7943229
1403	Araniko Highway	 	Dhulikhel 45200, 	27.6227827	85.55219919999999
